Gemeindename,place_latitude,place_longitude,place_openingHours,place_title,place_zipcode,Match,Gemeinde nach LONGLAT,Unnamed: 8,GMDNAME
Aadorf,47.4926593,8.89967817,08:00 - 20:00,Coop Supermarkt Aadorf,8355,1.0,Widen,Aadorf,Aadorf
Aarau,47.39803018,8.05821465,08:00 - 20:00,Coop Supermarkt Aarau Telli,5004,2.0,,,Aarau
Aarau,47.39187281,8.05243428,06:00 - 22:00,Coop Supermarkt Aarau Bahnhof,5000,2.0,,,Aarau
Aarau,47.39191428,8.04628889,08:00 - 19:00,Coop City Aarau,5000,2.0,,,Aarau
Aarberg,47.04245889,7.27642753,08:00 - 20:00,Coop Supermarkt Aarberg,3270,3.0,,,Aarberg
Adelboden,46.49333907,7.56070773,08:00 - 18:30,Coop Supermarkt Adelboden,3715,9.0,,,Adelboden
Adligenswil,47.07137408,8.36506125,07:30 - 19:00,Coop Supermarkt Adligenswil,6043,10.0,,,Adligenswil
Adliswil,47.31302929,8.52532768,07:30 - 20:00,Coop Supermarkt Adliswil,8134,12.0,,,Adliswil
Aesch,47.46924429,7.59551791,08:00 - 20:00,Coop Supermarkt Aesch,4147,,,,Aesch (BL)
Affoltern am Albis,47.27416702,8.44639833,08:00 - 20:00,Coop Supermarkt Affoltern am Albis,8910,23.0,,,Affoltern am Albis
Agno,45.99732697,8.90261699,08:00 - 19:00,Coop Supermercato Agno,6982,27.0,,,Agno
Aigle,46.31896721,6.96517355,07:30 - 18:30,Coop Supermarché Aigle,1860,28.0,,,Aigle
Airolo,46.52871585,8.61077216,08:00 - 19:00,Coop Supermercato Airolo,6780,30.0,,,Airolo
Allaman,46.47714006,6.40270439,08:30 - 19:30,Coop Supermarché Allaman Littoral Centre,1165,35.0,,,Allaman
Alle,47.4258026,7.12407294,07:30 - 18:30,Coop Supermarché Coop Alle,2942,36.0,,,Alle
Allschwil,47.55142254,7.5381832,07:30 - 19:00,Coop Supermarkt Allschwil Dorf,4123,38.0,,,Allschwil
Allschwil,47.55852502,7.55986687,07:30 - 19:00,Coop Supermarkt Allschwil Lindenplatz,4123,38.0,,,Binningen
Allschwil,47.54767337,7.54679745,07:30 - 20:00,Coop Supermarkt Allschwil Letten Center,4123,38.0,,,Allschwil
Alpnach,46.93770924,8.26973,07:30 - 19:00,Coop Supermarkt Alpnach,6055,39.0,,,Alpnach
Altdorf,46.88093319,8.64572762,07:30 - 18:30,Coop Supermarkt Altdorf,6460,,,,Altdorf (UR)
Altstätten,47.38140149,9.54698442,07:00 - 19:00,Coop Supermarkt Altstätten,9450,48.0,,,Altstätten
Amriswil,47.54738854,9.30198635,08:00 - 20:00,Coop Supermarkt Amriswil,8580,52.0,,,Amriswil
Andermatt,46.63439472,8.59620411,07:30 - 19:00,Coop Supermarkt Andermatt,6490,56.0,,,Andermatt
Anzère,46.29649144,7.39656327,08:00 - 18:30,Coop Supermarché Anzère,1972,,,,Ayent
Appenzell,47.33362622,9.40733718,07:30 - 19:00,Coop Supermarkt Appenzell,9050,61.0,,,Appenzell
Arbedo,46.2133841,9.04254621,07:30 - 19:00,Coop Supermercato Arbedo,6517,,,,Arbedo-Castione
Arbon,47.51146563,9.43059105,08:00 - 19:00,Coop Supermarkt Arbon Novaseta,9320,66.0,,,Arbon
Arbon,47.51087643,9.43241471,07:00 - 19:00,Coop Supermarkt Arbon Hamel,9320,66.0,,,Arbon
Arlesheim,47.49502985,7.62046315,08:00 - 20:00,Coop Supermarkt Arlesheim,4144,71.0,,,Arlesheim
Arosa,46.77869722,9.67738356,08:00 - 19:00,Coop Supermarkt Arosa Dorf,7050,77.0,,,Arosa
Arosa,46.78301516,9.68479454,08:00 - 19:00,Coop Supermarkt Arosa Valsana,7050,77.0,,,Arosa
Ascona,46.15564658,8.77147382,08:00 - 19:00,Coop Supermercato Ascona,6612,80.0,,,Ascona
Au,47.2421928,8.65562195,07:30 - 20:00,Coop Supermarkt Au Wädenswil,8804,,,,Wädenswil
Avenches,46.87760399,7.03163961,08:00 - 19:00,Coop Supermarché Avenches Milavy,1580,96.0,,,Avenches
Baar,47.19591195,8.52975733,07:30 - 19:00,Coop Supermarkt Baar Oberdorf,6340,102.0,,,Baar
Baar,47.19522095,8.52387038,06:30 - 19:00,Coop Supermarkt Baar Gotthard,6340,102.0,,,Baar
Bachenbülach,47.50612313,8.54184781,Closed,Coop Supermarkt Bachenbülach,8184,103.0,,,Bachenbülach
Bachenbülach,47.50586398,8.54166986,08:00 - 21:00,Coop Supermarkt Bachenbülach Provisorium,8184,103.0,,,Bachenbülach
Bad Ragaz,47.00333306,9.50216721,07:30 - 19:00,Coop Supermarkt Bad Ragaz,7310,105.0,,,Bad Ragaz
Bad Zurzach,47.58904727,8.29220046,08:00 - 19:00,Coop Supermarkt Bad Zurzach,5330,,,,Zurzach
Baden,47.47640735,8.30712079,06:00 - 21:00,Coop Supermarkt Baden Bahnhof,5400,106.0,,,Baden
Balsthal,47.3165866,7.69475769,08:00 - 18:30,Coop Supermarkt Balsthal,4710,113.0,,,Balsthal
Balzers,47.06616535,9.4982394,08:00 - 19:00,Coop Supermarkt Balzers,9496,,,,Wartau
Bäretswil,47.33520524,8.85517487,07:30 - 20:00,Coop Supermarkt Bäretswil,8344,117.0,,,Bäretswil
Basel,47.56911039,7.59062892,07:30 - 20:00,Coop Supermarkt Basel Klybeck,4057,124.0,,,Basel
Basel,47.55179221,7.59459158,06:30 - 20:00,Coop Supermarkt Basel Aeschenplatz,4051,124.0,,,Basel
Basel,47.5513334,7.58061463,07:30 - 20:00,Coop Supermarkt Basel Bachletten,4051,124.0,,,Basel
Basel,47.56510572,7.61789879,07:30 - 20:00,Coop Supermarkt Basel Bäumlihof,4058,124.0,,,Birsfelden
Basel,47.54959887,7.60670073,07:00 - 19:00,Coop Supermarkt Basel Hardstrasse,4052,124.0,,,Birsfelden
Basel,47.55639833,7.57183275,07:30 - 20:00,Coop Supermarkt Basel Allschwilerstrasse,4055,124.0,,,Basel
Basel,47.54788522,7.59056845,06:00 - 22:00,Coop Supermarkt Basel Bahnhof SBB,4051,124.0,,,Basel
Basel,47.54655761,7.56511326,07:30 - 20:00,Coop Supermarkt Basel Neuweilerplatz,4054,124.0,,,Binningen
Basel,47.5552097,7.61373342,07:30 - 20:00,Coop Supermarkt Basel Breite,4052,124.0,,,Birsfelden
Basel,47.56596005,7.56232884,07:30 - 19:00,Coop Supermarkt Basel Michelbacher,4055,124.0,,,Basel
Basel,47.57677244,7.59100955,07:30 - 20:00,Coop Supermarkt Basel Wiesenplatz,4057,124.0,,,Basel
Basel,47.53422013,7.59314601,07:30 - 18:30,Coop Supermarkt Basel Hauenstein,4059,124.0,,,Binningen
Basel,47.56733367,7.60105565,07:30 - 18:30,Coop Supermarkt Basel Mattenstrasse,4058,124.0,,,Basel
Basel,47.57033411,7.60986274,07:30 - 19:00,Coop Supermarkt Basel Schorenweg,4058,124.0,,,Birsfelden
Basel,47.55180395,7.5624023,07:30 - 18:30,Coop Supermarkt Basel Wanderstrasse,4054,124.0,,,Binningen
Basel,47.56021673,7.56736456,07:30 - 20:00,Coop Supermarkt Basel Helvetiaplatz,4055,124.0,,,Basel
Basel,47.55959043,7.58718697,06:30 - 20:00,Coop Supermarkt Basel Fischmärt,4051,124.0,,,Basel
Basel,47.54299821,7.59310492,07:00 - 20:00,Coop Supermarkt Basel Gundeli,4053,124.0,,,Basel
Basel,47.56330058,7.5973227,07:30 - 20:00,Coop Supermarkt Basel Europe,4058,124.0,,,Basel
Basel,47.56066579,7.57572321,07:30 - 20:00,Coop Supermarkt Basel Spalemärt,4055,124.0,,,Basel
Basel,47.57068686,7.57379539,07:30 - 20:00,Coop Supermarkt Basel Volta Zentrum,4056,124.0,,,Basel
Basel,47.56913304,7.57966526,07:30 - 20:00,Coop Supermarkt Basel Elsässerstrasse,4056,124.0,,,Basel
Basel,47.57188255,7.60245172,07:30 - 20:00,Coop Supermarkt Basel Erlenmatt,4058,124.0,,,Basel
Basel,47.54538742,7.58864858,07:00 - 22:00,Coop Supermarkt Basel Südpark,4053,124.0,,,Basel
Basel,47.56106924,7.59120384,06:30 - 20:00,Coop Supermarkt Basel Greifengasse,4058,124.0,,,Basel
Basel,47.55866595,7.60579919,07:30 - 19:00,Coop Supermarkt Basel Roche B11,4058,124.0,,,Basel
Bassecourt,47.33786599,7.2528355,08:00 - 18:30,Coop Supermarché Bassecourt,2854,,,,Haute-Sorne
Bassersdorf,47.44260442,8.63114125,07:30 - 20:00,Coop Supermarkt Bassersdorf,8303,126.0,,,Bassersdorf
Bätterkinden,47.13117769,7.53790764,08:00 - 19:00,Coop Supermarkt Bätterkinden,3315,128.0,,,Bätterkinden
Bättwil,47.48923746,7.5003961199999996,07:30 - 18:30,Coop Supermarkt Bättwil-Flüh,4112,129.0,,,Bättwil
Bellach,47.21265387,7.49659526,08:00 - 18:30,Coop Supermarkt Bellach,4512,144.0,,,Bellach
Bellinzona,46.20224002,9.03082765,08:00 - 19:00,Coop Supermercato Bellinzona Nord,6500,147.0,,,Bellinzona
Bellinzona,46.18375662,9.01239814,07:00 - 22:00,Coop Supermercato Bellinzona PY,6500,147.0,,,Bellinzona
Bellinzona,46.1947129,9.02480311,07:30 - 19:00,Coop Supermercato Bellinzona Centro,6500,147.0,,,Bellinzona
Bellinzona,46.19491796,9.02877377,06:00 - 21:00,Coop Supermercato Bellinzona Stazione,6500,147.0,,,Bellinzona
Bellmund,47.10961562,7.24671126,07:00 - 19:00,Coop Supermarkt Bellmund,2564,148.0,,,Bellmund
Belp,46.89319267,7.49766988,08:00 - 19:00,Coop Supermarkt Belp,3123,153.0,,,Belp
Berikon,47.36171088,8.3677232,08:00 - 20:00,Coop Supermarkt Berikon,8965,164.0,,,Widen
Beringen,47.69619746,8.57575607,07:30 - 20:00,Coop Supermarkt Beringen,8222,165.0,,,Beringen
Bern,46.95927719,7.45500351,07:30 - 20:00,Coop Supermarkt Bern Breitenrain,3014,168.0,,,Bern
Bern,46.94109845,7.43147577,07:00 - 20:00,Coop Supermarkt Bern Eigerplatz,3007,168.0,,,Bern
Bern,46.93947953,7.43697878,07:00 - 19:00,Coop Supermarkt Bern Sulgenbach,3007,168.0,,,Bern
Bern,46.9377463,7.47644332,07:00 - 19:00,Coop Supermarkt Bern Egghölzli,3015,168.0,,,Muri bei Bern
Bern,46.94836686,7.44337542,07:00 - 19:00,Coop Supermarkt Bern Spitalgasse,3011,168.0,,,Bern
Bern,46.94540258,7.47275753,08:00 - 19:00,Coop Supermarkt Bern Freudenberg,3006,168.0,,,Ostermundigen
Bern,46.9538985,7.42871546,08:00 - 20:00,Coop Supermarkt Bern Muesmatt,3012,168.0,,,Bern
Bern,46.95637246,7.43202561,08:00 - 19:00,Coop Supermarkt Bern Zähringerstrasse,3012,168.0,,,Bern
Bern,46.9507141,7.39218493,08:00 - 19:00,Coop Supermarkt Bern Bethlehem,3027,168.0,,,Köniz
Bern,46.94188961,7.39185101,08:00 - 19:00,Coop Supermarkt Bern Bümpliz,3018,168.0,,,Köniz
Bern,46.96190201,7.4651473,08:00 - 20:00,Coop Supermarkt Bern Wankdorf Center,3014,168.0,,,Ittigen
Bern,46.94385556,7.40616568,07:00 - 20:00,Coop Supermarkt Bern Europaplatz,3008,168.0,,,Köniz
Bern,46.94857496,7.37708087,07:00 - 19:00,Coop Supermarkt Bern Gäbelbach,3027,168.0,,,Wohlen bei Bern
Bern,46.94893362,7.43992086,06:00 - 23:00,Coop Supermarkt Bern Bahnhof,3011,168.0,,,Bern
Bern,46.94543377,7.42677302,07:00 - 20:00,Coop Supermarkt Bern Brunnmatt,3007,168.0,,,Bern
Bern,46.94762929,7.44147076,06:30 - 20:00,Coop Supermarkt Bern Schauplatzgasse,3011,168.0,,,Bern
Bern,46.95345676,7.45825956,07:30 - 20:00,Coop Supermarkt Bern Schönburg,3013,168.0,,,Bern
Bern,46.95354792,7.43169753,07:00 - 20:00,Coop Supermarkt Bern Länggasse,3012,168.0,,,Bern
Bern,46.94787216,7.43780607,06:00 - 20:00,Coop Supermarkt Bern Postparc,3008,168.0,,,Bern
Bern,46.96937732,7.46375802,07:00 - 19:00,Coop Supermarkt Bern Wankdorf TRIO,3014,168.0,,,Ittigen
Bern,46.94800694,7.44600242,07:00 - 19:00,Coop Supermarkt Bern Marktgasse,3011,168.0,,,Bern
Bernex,46.17415499,6.0709467,08:00 - 19:00,Coop Supermarché Bernex,1233,170.0,,,Bernex
Beromünster,47.20805594,8.19050758,07:30 - 19:00,Coop Supermarkt Beromünster,6215,172.0,,,Beromünster
Bettlach,47.20042568,7.4246169,07:00 - 18:30,Coop Supermarkt Bettlach,2544,177.0,,,Bettlach
Bettmeralp,46.38779122,8.05870848,08:00 - 12:00,Coop Supermarkt Bettmeralp,3992,178.0,,,Bettmeralp
Bevaix,46.92895694,6.81227397,07:30 - 19:00,Coop Supermarché Bevaix,2022,,,,La Grande Béroche
Bévilard-Malleray,47.2378943,7.27809069,07:30 - 19:00,Coop Supermarché Bévilard-Malleray,2735,,,,Valbirse
Bex,46.25038781,7.0136326,07:30 - 19:00,Coop Supermarché Bex,1880,183.0,,,Bex
Biasca,46.35808002,8.97199311,08:00 - 19:00,Coop Supermercato Biasca,6710,184.0,,,Biasca
Biberist,47.18187519,7.56325225,08:00 - 18:30,Coop Supermarkt Biberist,4562,185.0,,,Biberist
Biel,47.15474389,7.27621809,07:00 - 19:00,Coop Supermarkt Biel Bözingen,2504,,,,Biel/Bienne
Biel,47.14342288,7.27227123,07:00 - 19:00,Coop Supermarkt Biel Mett,2504,,,,Brügg
Biel,47.12670256,7.25547991,07:00 - 19:00,Coop Supermarkt Biel Moserstrasse,2503,,,,Port
Biel,47.13862497,7.24704196,07:00 - 19:00,Coop Supermarkt Biel Nidaugasse,2502,,,,Biel/Bienne
Biel,47.13024513,7.24376375,08:00 - 20:00,Coop Supermarkt Biel Bahnhof,2503,,,,Nidau
Biel,47.16201778,7.29411851,08:00 - 19:00,Coop Supermarkt Biel Boujean,2504,,,,Orpund
Biel,47.13298724,7.24297608,06:00 - 22:00,Coop Supermarkt Biel SBB,2502,,,,Nidau
Biglen,46.92475993,7.628254,08:00 - 19:00,Coop Supermarkt Biglen,3507,192.0,,,Biglen
Binningen,47.53992959,7.57274804,07:30 - 19:00,Coop Supermarkt Binningen,4102,195.0,,,Binningen
Bioggio,46.01580392,8.91251364,08:00 - 19:00,Coop Supermercato Bioggio,6934,196.0,,,Bioggio
Birmensdorf,47.35381423,8.43661346,07:30 - 20:00,Coop Supermarkt Birmensdorf,8903,,,,Birmensdorf (ZH)
Birsfelden,47.55287692,7.62180347,08:00 - 20:00,Coop Supermarkt Birsfelden,4127,203.0,,,Birsfelden
Bischofszell,47.49049382,9.23791454,08:00 - 20:00,Coop Supermarkt Bischofszell,9220,205.0,,,Bischofszell
Bissone,45.95389659,8.96556331,07:00 - 22:00,Coop Supermercato Bissone PY,6816,206.0,,,Bissone
Blonay,46.46659457,6.89432309,07:30 - 19:00,Coop Supermarché Blonay,1807,,,,Blonay - Saint-Légier
Bolligen,46.97392587,7.49657534,08:00 - 19:00,Coop Supermarkt Bolligen,3065,222.0,,,Bolligen
Bonaduz,46.81197789,9.4012803,08:00 - 20:00,Coop Supermarkt Bonaduz,7402,224.0,,,Bonaduz
Boncourt,47.49514742,7.01473341,07:30 - 18:30,Coop Supermarché Boncourt,2926,225.0,,,Boncourt
Bonstetten,47.32418271,8.46848342,08:00 - 20:00,Coop Supermarkt Bonstetten,8906,230.0,,,Bonstetten
Bosco Gurin,46.31630424,8.49251322,09:00 - 12:00 15:00 - 18:00,Coop Supermercato Bosco Gurin,6685,,,,Bosco/Gurin
Bottmingen,47.52693326,7.57290142,07:30 - 20:00,Coop Supermarkt Bottmingen,4103,242.0,,,Bottmingen
Boudry,46.94988147,6.83761941,07:30 - 19:00,Coop Supermarché Boudry,2017,244.0,,,Boudry
Breganzona,46.01281614,8.93301618,08:00 - 19:00,Coop Supermercato Lugano Breganzona,6932,,,,Massagno
Breitenbach,47.40592372,7.54049725,08:00 - 18:30,Coop Supermarkt Breitenbach,4226,260.0,,,Breitenbach
Bremgarten,47.35165422,8.34858118,08:00 - 20:00,Coop Supermarkt Bremgarten,5620,,,,Bremgarten (AG)
Brienz,46.7546159,8.03698934,08:00 - 19:00,Coop Supermarkt Brienz,3855,,,,Brienz (BE)
Brig,46.31511626,7.98681169,07:30 - 18:30,Coop Supermarkt Brig,3900,,,,Brig-Glis
Brig,46.318688,7.98862647,06:00 - 18:30,Coop Supermarkt Brig Zentrum Post,3900,,,,Brig-Glis
Brittnau,47.26039925,7.94670141,08:00 - 19:00,Coop Supermarkt Brittnau,4805,274.0,,,Brittnau
Broc,46.60480891,7.11102981,07:30 - 19:00,Coop Supermarché Broc,1636,275.0,,,Broc
Brugg,47.48227256,8.20927052,08:00 - 20:00,Coop Supermarkt Brugg Neumarkt,5200,277.0,,,Brugg
Brunnen,46.99661767,8.60752933,07:30 - 20:00,Coop Supermarkt Brunnen,6440,,,,Ingenbohl
Bubendorf,47.45380268,7.73678891,08:00 - 20:00,Coop Supermarkt Bubendorf,4416,285.0,,,Bubendorf
Bubikon,47.27012896,8.82334085,06:00 - 21:00,Coop Supermarkt Bubikon,8608,286.0,,,Bubikon
Buchs,47.38972605,8.07025039,07:30 - 20:00,Coop Supermarkt Buchs AG,5033,,,,Buchs (AG)
Buchs,47.45773682,8.43825873,07:30 - 20:00,Coop Supermarkt Buchs ZH,8107,,,,Buchs (ZH)
Buchs,47.16628939,9.47322583,07:30 - 19:00,Coop Supermarkt Buchs SG,9470,,,,Buchs (SG)
Bülach,47.52592969,8.53615066,08:00 - 20:00,Coop Supermarkt Bülach im Guss,8180,301.0,,,Bülach
Bulle,46.6193852,7.05737339,07:30 - 19:00,Coop Supermarché Bulle Ville,1630,302.0,,,Bulle
Bulle,46.62501634,7.0600625,07:30 - 19:00,Coop Supermarché Bulle Le Caro,1630,302.0,,,Bulle
Buochs,46.97917866,8.41578277,07:30 - 20:00,Coop Supermarkt Buochs,6374,305.0,,,Ennetbürgen
Büren an der Aare,47.13979401,7.37774318,07:00 - 19:00,Coop Supermarkt Büren,3294,309.0,,,Büren an der Aare
Burgdorf,47.05906773,7.62284534,07:30 - 20:00,Coop Supermarkt Burgdorf Stadt,3400,312.0,,,Burgdorf
Burgdorf,47.05682628,7.62936612,08:00 - 19:00,Coop Supermarkt Burgdorf Schützenmatte,3400,312.0,,,Burgdorf
Burgdorf,47.06064381,7.62163974,06:00 - 22:00,Coop Supermarkt Burgdorf Bahnhof,3400,312.0,,,Burgdorf
Busswil b. Büren,47.09953323,7.32093637,07:00 - 19:00,Coop Supermarkt Busswil,3292,,,,Büetigen
Bützberg,47.21391969,7.74370409,08:00 - 19:00,Coop Supermarkt Bützberg,4922,,,,Thunstetten
Canobbio,46.02831325,8.96756653,08:30 - 19:00,Coop Supermercato Canobbio Ipermercato Resega,6952,338.0,,,Canobbio
Carouge,46.18523964,6.14411526,07:30 - 19:00,Coop Supermarché Carouge Cardinal Mermillod,1227,,,,Carouge (GE)
Carouge,46.18877114,6.13672543,07:30 - 19:00,Coop Supermarché Carouge Acacias,1227,,,,Carouge (GE)
Caslano,45.97368146,8.87969871,08:00 - 19:00,Coop Supermercato Caslano,6987,342.0,,,Caslano
Castione,46.2232493,9.04733519,08:00 - 19:00,Coop Supermercato Castione,6532,,,,Arbedo-Castione
Celerina,46.51321626,9.86221684,08:00 - 12:15 14:00 - 18:30,Coop Supermarkt Celerina,7505,,,,Celerina/Schlarigna
Cevio,46.31842642,8.60197512,08:00 - 19:00,Coop Supermercato Cevio,6675,350.0,,,Cevio
Cham,47.18145098,8.46177707,08:00 - 19:00,Coop Supermarkt Cham Seehof,6330,352.0,,,Cham
Champéry,46.17524797,6.87091295,08:00 - 18:30,Coop Supermarché Champéry,1874,356.0,,,Champéry
Charmey,46.61972935,7.16064205,07:30 - 19:00,Coop Supermarché Charmey,1637,,,,Val-de-Charmey
Château-d'Oex,46.47402142,7.13347525,08:00 - 19:00,Coop Supermarché Château-d'Oex,1660,363.0,,,Château-d'Oex
Chatel Saint Denis,46.52276371,6.89801781,07:30 - 19:00,Coop Supermarché Châtel Saint Denis,1618,,,,Châtel-Saint-Denis
Châtelaine,46.21296159,6.11259677,07:30 - 19:00,Coop Supermarché Vernier Châtelaine la Fenice,1219,,,,Lancy
Chavornay,46.70913435,6.57006726,07:30 - 19:00,Coop Supermarché Chavornay,1373,375.0,,,Chavornay
Chêne-Bougeries,46.20436419,6.19998633,08:00 - 19:00,Coop Supermarché Chêne-Bougeries Montagne,1224,376.0,,,Chêne-Bourg
Cheseaux,46.58638965,6.60466177,Closed,Coop Supermarché Cheseaux,1033,,,,Cheseaux-sur-Lausanne
Chexbres,46.48242867,6.77471763,07:30 - 19:00,Coop Supermarché Chexbres,1071,386.0,,,Chexbres
Chur,46.85910014,9.52682223,07:30 - 20:00,Coop Supermarkt Chur Tittwiesen,7000,392.0,,,Chur
Chur,46.85761953,9.52017951,07:30 - 20:00,Coop Supermarkt Chur Kurfirsten,7000,392.0,,,Chur
Chur,46.85244259,9.53460415,08:00 - 20:00,Coop Supermarkt Chur Quader,7000,392.0,,,Chur
Chur,46.8474601,9.50829719,09:00 - 20:00,Coop Supermarkt Chur West,7000,392.0,,,Chur
Chur,46.85290275,9.52962459,06:00 - 20:00,Coop Supermarkt Chur Steinbock,7001,392.0,,,Chur
Chur,46.85269543,9.53161027,09:00 - 19:00,Coop City Chur K.,7000,392.0,,,Chur
Churwalden,46.77925176,9.54421335,08:00 - 19:00,Coop Supermarkt Churwalden,7075,393.0,,,Churwalden
Claro,46.25278437,9.02274681,08:00 - 19:00,Coop Supermercato Claro,6702,,,,Arbedo-Castione
Collombey,46.26496234,6.95377528,08:30 - 18:30,Coop Supermarché Collombey,1868,,,,Monthey
Colombier,46.96573799,6.85444527,08:00 - 19:00,Coop Supermarché Colombier,2013,,,,Milvignes
Confignon,46.17473045,6.08357237,08:00 - 19:00,Coop Supermarché Confignon,1232,408.0,,,Confignon
Conthey,46.22400458,7.30471535,08:30 - 18:30,Coop Supermarché Conthey,1964,410.0,,,Conthey
Conthey,46.22396684,7.29580013,08:30 - 18:30,Coop Supermarché Conthey Bassin,1964,410.0,,,Conthey
Cortaillod,46.94369648,6.84526793,08:00 - 19:00,Coop Supermarché Cortaillod,2016,426.0,,,Cortaillod
Courroux,47.36157255,7.37478649,07:30 - 18:30,Coop Supermarché Courroux,2822,435.0,,,Courroux
Couvet,46.92198893,6.62440549,07:30 - 19:00,Coop Supermarché Couvet,2108,,,,Val-de-Travers
Crans,46.30764132,7.46784463,08:00 - 19:00,Coop Supermarché Crans-Sur-Sierre,3963,,,,Crans-Montana
Crans-Montana,46.3117566,7.48306165,08:00 - 19:00,Coop Supermarché Crans-Montana,3963,442.0,,,Crans-Montana
Crissier,46.54495464,6.57001943,08:30 - 19:30,Coop Supermarché Crissier,1023,448.0,,,Renens (VD)
Cully,46.4881232,6.72868502,08:00 - 19:00,Coop Supermarché Cully,1096,,,,Bourg-en-Lavaux
Dagmersellen,47.21209423,7.99030709,07:30 - 19:00,Coop Supermarkt Dagmersellen,6252,462.0,,,Dagmersellen
Davos Platz,46.79291452,9.82073474,08:00 - 20:00,Coop Supermarkt Davos,7270,,,,Davos
Degersheim,47.37230702,9.1953316,07:30 - 19:00,Coop Supermarkt Degersheim,9113,475.0,,,Degersheim
Delemont,47.37072722,7.35846418,08:00 - 18:30,Coop Supermarché Coop Delémont Ticle,2800,,,,Delémont
Derendingen,47.19631192,7.58602343,07:30 - 18:30,Coop Supermarkt Derendingen,4552,484.0,,,Derendingen
Dielsdorf,47.48437198,8.46580185,08:00 - 20:00,Coop Supermarkt Dielsdorf,8157,487.0,,,Dielsdorf
Diepoldsau,47.38947227,9.64904435,07:00 - 19:00,Coop Supermarkt Diepoldsau,9444,491.0,,,Diepoldsau
Diessenhofen,47.68712194,8.75385292,07:30 - 19:00,Coop Supermarkt Diessenhofen,8253,494.0,,,Diessenhofen
Dietikon,47.40374689,8.40259925,07:00 - 21:00,Coop Supermarkt Dietikon Florastrasse,8953,495.0,,,Dietikon
Dietikon,47.39813132,8.41787807,08:00 - 20:00,Coop Supermarkt Dietikon Brunau,8953,495.0,,,Urdorf
Dietikon,47.41830613,8.39219442,08:00 - 21:00,Coop Supermarkt Dietikon Silbern,8953,495.0,,,Oetwil an der Limmat
Dietikon,47.40582104,8.39220945,07:00 - 20:00,Coop Supermarkt Dietikon Steinmürlistrasse,8953,495.0,,,Dietikon
Dietlikon,47.42192683,8.61866999,07:30 - 20:00,Coop Supermarkt Dietlikon Bahnhofstrasse,8305,496.0,,,Dietlikon
Dietlikon,47.41277022,8.61862594,09:00 - 21:00,Coop Supermarkt Dietlikon Center,8305,496.0,,,Dietlikon
Disentis,46.70017706,8.84215112,08:00 - 19:00,Coop Supermarkt Disentis,7180,,,,Disentis/Mustér
Domat-Ems,46.83696591,9.45249253,08:00 - 20:00,Coop Supermarkt Domat-Ems,7013,,,,Domat/Ems
Dongio,46.43957407,8.95296641,08:00 - 12:00 14:00 - 19:00,Coop Supermercato Dongio,6715,,,,Acquarossa
Dornach,47.48867079,7.60879114,08:00 - 18:30,Coop Supermarkt Dornach,4143,511.0,,,Dornach
Dottikon,47.38165454,8.23904269,07:30 - 19:00,Coop Supermarkt Dottikon,5605,512.0,,,Dottikon
Dübendorf,47.39732811,8.61661453,07:30 - 20:00,Coop Supermarkt Dübendorf Center,8600,517.0,,,Dübendorf
Düdingen,46.8501654,7.19082595,07:00 - 19:00,Coop Supermarkt Düdingen,3186,518.0,,,Düdingen
Dulliken,47.35372306,7.94571089,07:30 - 18:30,Coop Supermarkt Dulliken,4657,521.0,,,Dulliken
Ebikon,47.08263976,8.34321058,07:30 - 19:00,Coop Supermarkt Ebikon,6030,526.0,,,Ebikon
Ebnat-Kappel,47.2654344,9.12131866,07:30 - 19:00,Coop Supermarkt Ebnat-Kappel,9642,527.0,,,Ebnat-Kappel
Echallens,46.6419344,6.6312458,Closed,Coop Supermarché Echallens,1040,528.0,,,Echallens
Ecublens,46.53369818,6.56619806,08:00 - 19:30,Coop Supermarché Ecublens,1024,,,,Ecublens (VD)
Effretikon,47.42838434,8.6847728,07:30 - 19:00,Coop Supermarkt Effretikon Effimärt,8307,,,,Illnau-Effretikon
Effretikon,47.42679246,8.69223793,07:00 - 20:00,Coop Supermarkt Effretikon Watt,8307,,,,Illnau-Effretikon
Egerkingen,47.32147558,7.79474124,08:00 - 12:30 13:30 - 18:30,Coop Supermarkt Egerkingen Dorf,4622,536.0,,,Egerkingen
Egerkingen,47.31798672,7.80309045,09:00 - 18:30,Coop Supermarkt Egerkingen Gäupark,4622,536.0,,,Egerkingen
Egg ZH,47.30402092,8.69157469,08:00 - 20:00,Coop Supermarkt Egg,8132,,,,Egg
Ehrendingen,47.49435384,8.34088447,08:00 - 20:00,Coop Supermarkt Ehrendingen,5420,546.0,,,Ehrendingen
Einsiedeln,47.12688509,8.74571476,07:30 - 20:00,Coop Supermarkt Einsiedeln,8840,550.0,,,Einsiedeln
Einsiedeln,47.1324888,8.74500792,08:00 - 20:00,Coop Supermarkt Einsiedeln wissmüli markt K.,8840,550.0,,,Einsiedeln
Elgg,47.49390008,8.86511096,07:30 - 19:00,Coop Supermarkt Elgg,8353,553.0,,,Elgg
Embrach,47.51107194,8.59420456,07:30 - 20:00,Coop Supermarkt Embrach,8424,557.0,,,Embrach
Emmenbrücke,47.08095221,8.27139901,07:30 - 19:00,Coop Supermarkt Emmenbrücke Sprengi,6020,,,,Rothenburg
Emmenbrücke,47.07326481,8.29050335,07:30 - 19:00,Coop Supermarkt Emmen,6020,,,,Emmen
Engelberg,46.82087346,8.40440481,07:30 - 20:00,Coop Supermarkt Engelberg,6390,561.0,,,Engelberg
Entlebuch,46.99334849,8.06578556,08:00 - 19:00,Coop Supermarkt Entlebuch,6162,566.0,,,Entlebuch
Epalinges,46.54371132,6.66035294,08:00 - 19:00,Coop Supermarché Epalinges,1066,567.0,,,Epalinges
Erlenbach,47.30703011,8.58926781,07:30 - 21:00,Coop Supermarkt Erlenbach,8703,,,,Erlenbach (ZH)
Erlenbach,46.6612463,7.55491978,07:00 - 19:00,Coop Supermarkt Erlenbach i.S.,3762,,,,Erlenbach im Simmental
Erlinsbach,47.39846479,8.00691383,07:30 - 18:30,Coop Supermarkt Erlinsbach,5015,,,,Erlinsbach (SO)
Erstfeld,46.82431929,8.64904611,07:30 - 18:30,Coop Supermarkt Erstfeld,6472,586.0,,,Erstfeld
Eschenbach,47.24074339,8.91989361,07:30 - 19:00,Coop Supermarkt Eschenbach SG,8733,,,,Eschenbach (SG)
Eschenbach LU,47.13546829,8.31913533,07:30 - 19:00,Coop Supermarkt Eschenbach LU,6274,,,,Eschenbach (LU)
Estavayer-Le-Lac,46.84596723,6.84323963,07:30 - 19:00,Coop Supermarché Estavayer-Le-Lac,1470,,,,Estavayer
Etagnières,46.59400098,6.60842008,07:30 - 19:30,Coop Supermarché Etagnières,1037,596.0,,,Etagnières
Ettingen,47.4824681,7.54573671,08:00 - 19:00,Coop Supermarkt Ettingen,4107,598.0,,,Ettingen
Evolène,46.10836379,7.50101636,08:00 - 19:00,Coop Supermarché Evolène,1983,603.0,,,Evolène
Faido,46.47786438,8.79902766,08:00 - 19:00,Coop Supermercato Faido,6760,608.0,,,Faido
Fällanden,47.3710099,8.64174701,07:00 - 20:00,Coop Supermarkt Fällanden,8117,610.0,,,Fällanden
Fehraltorf,47.3868471,8.75504746,07:30 - 20:00,Coop Supermarkt Fehraltorf,8320,614.0,,,Fehraltorf
Feldmeilen,47.27973728,8.61519578,07:30 - 20:00,Coop Supermarkt Feldmeilen,8706,,,,Herrliberg
Felsberg,46.84577728,9.47876309,08:00 - 12:15 14:00 - 19:00,Coop Supermarkt Felsberg,7012,618.0,,,Felsberg
Feuerthalen,47.69069774,8.64743858,08:00 - 20:00,Coop Supermarkt Feuerthalen Rhymarkt,8245,625.0,,,Feuerthalen
Fiesch,46.4014312,8.13298365,08:00 - 18:30,Coop Supermarkt Fiesch,3984,629.0,,,Fiesch
Filisur,46.67375661,9.68387107,08:00 - 12:15 14:00 - 18:30,Coop Supermarkt Filisur,7477,,,,Schmitten (GR)
Flamatt,46.88970361,7.31408854,07:00 - 19:00,Coop Supermarkt Flamatt,3175,,,,Neuenegg
Flawil,47.413784,9.18563336,08:00 - 19:00,Coop Supermarkt Flawil,9230,642.0,,,Flawil
Fleurier,46.90233529,6.5827702,07:30 - 19:00,Coop Supermarché Fleurier,2114,,,,Val-de-Travers
Flims,46.8339139,9.28142869,08:00 - 19:00,Coop Supermarkt Flims Stenna,7017,644.0,,,Flims
Flums,47.09078284,9.34506898,07:30 - 19:00,Coop Supermarkt Flums,8890,648.0,,,Flums
Fontainemelon,47.05756454,6.89307583,08:00 - 19:00,Coop Supermarché Fontainemelon,2052,,,,Val-de-Ruz
Fraubrunnen,47.08522509,7.52365285,07:00 - 19:00,Coop Supermarkt Fraubrunnen,3312,656.0,,,Fraubrunnen
Frauenfeld,47.56122368,8.88730562,08:00 - 20:00,Coop Supermarkt Frauenfeld Fallengatter,8500,657.0,,,Frauenfeld
Frauenfeld,47.55409617,8.89689063,08:00 - 20:00,Coop Supermarkt Frauenfeld Schlosspark,8500,657.0,,,Frauenfeld
Frauenfeld,47.56741552,8.90634769,08:00 - 20:00,Coop Supermarkt Frauenfeld Allmendcenter,8500,657.0,,,Frauenfeld
Frenkendorf,47.50222967,7.72146525,08:00 - 20:00,Coop Supermarkt Frenkendorf,4402,663.0,,,Frenkendorf
Fribourg,46.80893734,7.17373449,07:30 - 19:00,Coop Supermarché Fribourg Schönberg,1700,664.0,,,Pierrafortscha
Fribourg,46.80945822,7.144201,07:30 - 19:00,Coop Supermarché Fribourg Jura,1700,664.0,,,Fribourg
Fribourg,46.80341028,7.15003761,06:00 - 21:00,Coop Supermarché Fribourg Gare,1700,664.0,,,Fribourg
Frick,47.50903411,8.01921934,08:00 - 20:00,Coop Supermarkt Frick,5070,665.0,,,Frick
Frutigen,46.58727985,7.64707453,07:30 - 19:00,Coop Supermarkt Frutigen,3714,667.0,,,Frutigen
Fully,46.15097436,7.14560162,07:30 - 18:30,Coop Supermarché Fully,1926,671.0,,,Fully
Gampel,46.31497008,7.74421671,07:30 - 18:30,Coop Supermarkt Gampel,3945,,,,Gampel-Bratsch
Gebenstorf,47.48948506,8.24505782,08:00 - 20:00,Coop Supermarkt Gebenstorf,5412,685.0,,,Turgi
Gelterkinden,47.46493501,7.85171145,07:30 - 20:00,Coop Supermarkt Gelterkinden,4460,686.0,,,Gelterkinden
Geneve,46.20955298,6.14294082,06:00 - 22:00,Coop Supermarché Genève Gare Mont-Blanc,1201,,,,Genève
Genève,46.20627206,6.1159998,08:00 - 19:00,Coop Supermarché Genève Sports,1203,689.0,,,Lancy
Genève,46.19980969,6.13203051,07:30 - 19:00,Coop Supermarché Genève Jonction,1205,689.0,,,Genève
Genève,46.19475193,6.15221969,07:30 - 19:00,Coop Supermarché Genève Champel,1206,689.0,,,Genève
Genève,46.19322645,6.16125926,08:00 - 19:00,Coop Supermarché Genève Florissant,1206,689.0,,,Genève
Genève,46.20692726,6.12977295,07:30 - 19:00,Coop Supermarché Genève Daubin,1203,689.0,,,Genève
Genève,46.213225,6.12356835,07:30 - 19:00,Coop Supermarché Genève Vieusseux,1203,689.0,,,Le Grand-Saconnex
Genève,46.20429932,6.16190566,07:30 - 19:00,Coop Supermarché Genève Montchoisy,1207,689.0,,,Genève
Genève,46.20123146,6.13905792,07:30 - 19:00,Coop Supermarché Genève Cirque,1205,689.0,,,Genève
Genève,46.22495722,6.13137369,08:00 - 19:00,Coop Supermarché Genève de Budé,1202,689.0,,,Le Grand-Saconnex
Genève,46.21197546,6.14941516,07:30 - 19:00,Coop Supermarché Genève Pâquis,1201,689.0,,,Genève
Genève,46.20397855,6.12454385,07:30 - 19:00,Coop Supermarché Genève Saint-Jean,1203,689.0,,,Lancy
Genève,46.21318351,6.14570571,07:30 - 19:00,Coop Supermarché Genève Rue de Lausanne,1201,689.0,,,Genève
Genève,46.20799545,6.13735429,07:30 - 19:00,Coop Supermarché Genève Voltaire,1201,689.0,,,Genève
Genève,46.19218897,6.14367843,07:30 - 19:00,Coop Supermarché Genève Augustins,1205,689.0,,,Carouge (GE)
Genève,46.21243716,6.13167507,07:30 - 19:00,Coop Supermarché Genève Servette,1202,689.0,,,Genève
Genève,46.21996104,6.14120265,07:30 - 19:00,Coop Supermarché Genève Montbrillant,1202,689.0,,,Genève
Genève,46.2004726,6.16003961,07:30 - 19:00,Coop Supermarché Genève Eaux-Vives,1207,689.0,,,Genève
Genève,46.20788932,6.12737806,07:30 - 19:00,Coop Supermarché Genève Charmilles,1203,689.0,,,Genève
Genève,46.20457237,6.1268621,07:30 - 19:00,Coop Supermarché Genève St-Jean Parc,1203,689.0,,,Genève
Genève,46.20930459,6.14246719,06:00 - 22:00,Coop Supermarché Genève Gare centre,1201,689.0,,,Genève
Gerlafingen,47.1710705,7.57305384,07:00 - 18:30,Coop Supermarkt Gerlafingen,4563,692.0,,,Gerlafingen
Geroldswil,47.42167439,8.40789381,07:30 - 20:00,Coop Supermarkt Geroldswil,8954,693.0,,,Geroldswil
Giffers,46.76198493,7.20890343,07:00 - 19:00,Coop Supermarkt Giffers,1735,700.0,,,Giffers
Giswil,46.83757747,8.1861729,07:00 - 19:00,Coop Supermarkt Giswil,6074,707.0,,,Giswil
Giubiasco,46.1737529,9.01036079,08:00 - 19:00,Coop Supermercato Giubiasco,6512,,,,Bellinzona
Gland,46.42738093,6.26605601,08:00 - 19:00,Coop Supermarché Gland Eikenott,1196,710.0,,,Gland
Glarus,47.04017047,9.06960813,07:30 - 19:00,Coop Supermarkt Glarus,8750,711.0,,,Glarus
Glattbrugg,47.43426957,8.56716254,07:00 - 20:00,Coop Supermarkt Glattbrugg,8152,,,,Opfikon
Glattbrugg,47.4284025,8.56371103,07:00 - 20:00,Coop Supermarkt Opfikon,8152,,,,Opfikon
Glattbrugg,47.43067825,8.56000775,06:30 - 21:00,Coop Supermarkt Glattbrugg Bahnhof,8152,,,,Opfikon
Glattfelden,47.55685892,8.502775,07:30 - 20:00,Coop Supermarkt Glattfelden,8192,714.0,,,Glattfelden
Glattpark Opfikon,47.42362681,8.56179424,07:00 - 20:00,Coop Supermarkt Opfikon Lindbergh-Allee,8152,,,,Opfikon
Goldach,47.47955467,9.46939406,07:30 - 19:00,Coop Supermarkt Goldach,9403,716.0,,,Goldach
Goldau,47.05039724,8.55031476,07:30 - 20:00,Coop Supermarkt Goldau,6410,,,,Arth
Goldau,47.04920085,8.54938181,06:00 - 22:00,Coop Supermarkt Goldau Bahnhof,6410,,,,Arth
Gommiswald,47.23336172,9.02037349,07:30 - 19:00,Coop Supermarkt Gommiswald,8737,718.0,,,Gommiswald
Göschenen,46.66894863,8.58658148,08:00 - 12:00 14:00 - 18:30,Coop Supermarkt Göschenen,6487,724.0,,,Göschenen
Gossau,47.41672718,9.25153839,08:00 - 19:00,Coop Supermarkt Gossau SG,9200,,,,Gossau (SG)
Gossau,47.30556387,8.75731373,07:30 - 20:00,Coop Supermarkt Gossau ZH,8625,,,,Gossau (ZH)
Grächen,46.19703384,7.83912035,08:00 - 12:00 14:00 - 18:30,Coop Supermarkt Grächen,3925,731.0,,,Grächen
Grancia,45.97322602,8.92705642,09:00 - 19:00,Coop Supermercato Lugano Sud,6916,732.0,,,Grancia
Grand-Lancy,46.17567388,6.12061609,08:00 - 19:00,Coop Supermarché Grand-Lancy Palettes,1212,,,,Plan-les-Ouates
Grand-Lancy,46.18188858,6.12043997,08:00 - 19:00,Coop Supermarché Grand-Lancy,1212,,,,Lancy
Grand-Lancy,46.17992655,6.12809051,08:30 - 19:00,Coop Supermarché Grand-Lancy La Praille,1212,,,,Carouge (GE)
Granges-Marnand,46.76181498,6.89034145,07:00 - 19:00,Coop Supermarché Granges-Marnand,1523,,,,Valbroye
Granges-Paccot,46.82082407,7.15307591,08:00 - 19:00,Coop Supermarché Granges-Paccot,1763,741.0,,,Granges-Paccot
Gränichen,47.35867786,8.09897807,07:30 - 20:00,Coop Supermarkt Gränichen,5722,743.0,,,Gränichen
Grellingen,47.44173935,7.58939205,08:00 - 19:00,Coop Supermarkt Grellingen,4203,746.0,,,Grellingen
Grenchen,47.19237784,7.39729142,07:00 - 18:30,Coop Supermarkt Grenchen Zentrum,2540,747.0,,,Grenchen
Grenchen,47.19377516,7.40713436,07:00 - 18:30,Coop Supermarkt Grenchen Leuzigenstrasse,2540,747.0,,,Grenchen
Grimentz,46.17505768,7.57342493,08:00 - 18:30,Coop Supermarché Grimentz,3961,,,,Anniviers
Grimisuat,46.26161146,7.38781043,07:30 - 18:30,Coop Supermarché Grimisuat,1971,753.0,,,Grimisuat
Grindelwald,46.62428171,8.03583124,08:00 - 19:00,Coop Supermarkt Grindelwald,3818,755.0,,,Grindelwald
Grindelwald,46.62505287,8.01885249,08:00 - 18:00,Coop Supermarkt Grindelwald Terminal,3818,755.0,,,Grindelwald
Grosshöchstetten,46.90607663,7.63884599,08:00 - 19:00,Coop Supermarkt Grosshöchstetten,3506,761.0,,,Grosshöchstetten
Gstaad,46.47655663,7.28337245,08:00 - 19:00,Coop Supermarkt Gstaad,3780,,,,Saanen
Gümligen,46.93329934,7.50393849,08:00 - 19:00,Coop Supermarkt Gümligen Zentrum Moos,3073,,,,Muri bei Bern
Güttingen,47.60399172,9.2874011,07:00 - 20:00,Coop Supermarkt Güttingen,8594,780.0,,,Güttingen
Haag,47.21211433,9.49505502,08:00 - 19:00,Coop Supermarkt Haag,9469,,,,Sennwald
Hägendorf,47.33421939,7.8416628,07:30 - 18:30,Coop Supermarkt Hägendorf,4614,786.0,,,Hägendorf
Hallau,47.69786086,8.4606305,07:30 - 19:00,Coop Supermarkt Hallau,8215,790.0,,,Hallau
Haute-Nendaz,46.18244588,7.29071416,08:00 - 19:00,Coop Supermarché Nendaz,1997,,,,Nendaz
Heerbrugg,47.40965981,9.62460601,07:30 - 19:00,Coop Supermarkt Heerbrugg,9435,,,,Widnau
Heiden,47.44376949,9.53214943,07:30 - 19:00,Coop Supermarkt Heiden,9410,811.0,,,Heiden
Heimberg,46.78342822,7.6088734,08:00 - 19:00,Coop Supermarkt Heimberg Aarestrasse,3627,813.0,,,Heimberg
Heimberg,46.77983091,7.60825974,08:00 - 20:00,Coop Supermarkt Heimberg Center,3627,813.0,,,Heimberg
Hergiswil,46.98595768,8.31149146,07:30 - 20:00,Coop Supermarkt Hergiswil Landweg,6052,,,,Hergiswil (NW)
Hergiswil,46.98169315,8.3103969,07:30 - 20:00,Coop Supermarkt Hergiswil Bahnhofstrasse,6052,,,,Hergiswil (NW)
Herisau,47.38644679,9.2786976,07:30 - 19:00,Coop Supermarkt Herisau,9100,831.0,,,Herisau
Herrliberg,47.28623778,8.61285349,07:30 - 20:00,Coop Supermarkt Herrliberg,8704,835.0,,,Herrliberg
Herzogenbuchsee,47.18580308,7.70328894,08:00 - 19:00,Coop Supermarkt Herzogenbuchsee,3360,838.0,,,Herzogenbuchsee
Hilterfingen,46.73592723,7.65892651,08:00 - 18:30,Coop Supermarkt Hilterfingen,3652,841.0,,,Oberhofen am Thunersee
Hinwil,47.2991296,8.83766113,08:00 - 20:00,Coop Supermarkt Hinwil Hiwi-Märt,8340,844.0,,,Hinwil
Hinwil,47.3066264,8.8179663,08:00 - 20:00,Coop Supermarkt Hinwil Center,8340,844.0,,,Wetzikon (ZH)
Hitzkirch,47.22399572,8.26013205,07:30 - 19:00,Coop Supermarkt Hitzkirch,6285,847.0,,,Hitzkirch
Hochdorf,47.16876434,8.28867227,07:30 - 19:00,Coop Supermarkt Hochdorf,6280,848.0,,,Hochdorf
Hombrechtikon,47.25312317,8.77332682,08:00 - 20:00,Coop Supermarkt Hombrechtikon,8634,861.0,,,Hombrechtikon
Horgen,47.2590348,8.59875191,07:30 - 20:00,Coop Supermarkt Horgen Leue-Huus,8810,864.0,,,Horgen
Horgen,47.24531821,8.60836156,07:30 - 20:00,Coop Supermarkt Horgen Waldegg,8810,864.0,,,Horgen
Horn,47.49724713,9.45522834,07:00 - 20:00,Coop Supermarkt Horn,9326,866.0,,,Horn
Horw,47.01946099,8.31102372,07:30 - 19:00,Coop Supermarkt Horw,6048,869.0,,,Horw
Hünenberg,47.17547309,8.42630727,07:30 - 19:00,Coop Supermarkt Hünenberg,6331,874.0,,,Hünenberg
Hünibach,46.7457162,7.64345911,07:30 - 19:00,Coop Supermarkt Hünibach,3626,,,,Hilterfingen
Hüntwangen,47.58203465,8.51440636,08:00 - 20:00,Coop Supermarkt Hüntwangen,8194,876.0,,,Eglisau
Huttwil,47.1138026,7.84402513,07:00 - 19:00,Coop Supermarkt Huttwil,4950,880.0,,,Huttwil
Ilanz,46.77462138,9.19260982,08:00 - 20:00,Coop Supermarkt Ilanz,7130,,,,Ilanz/Glion
Ins,47.0058872,7.10396188,07:00 - 19:00,Coop Supermarkt Ins,3232,892.0,,,Ins
Interlaken,46.68968398,7.86924936,08:00 - 19:00,Coop Supermarkt Interlaken Ost,3800,893.0,,,Matten bei Interlaken
Interlaken,46.69044901,7.86915085,06:00 - 20:00,Coop Supermarkt Interlaken Bahnhof,3800,893.0,,,Matten bei Interlaken
Interlaken,46.68490233,7.85357733,07:30 - 19:00,Coop Supermarkt Interlaken Post,3800,893.0,,,Interlaken
Ittigen,46.9742293,7.48168573,08:00 - 19:00,Coop Supermarkt Ittigen,3063,902.0,,,Ittigen
Jegenstorf,47.04982218,7.50627704,08:00 - 19:00,Coop Supermarkt Jegenstorf,3303,905.0,,,Jegenstorf
Jona,47.22977806,8.84886676,08:00 - 20:00,Coop Supermarkt Jona Center,8645,,,,Rapperswil-Jona
Jona,47.23162603,8.83675173,07:30 - 20:00,Coop Supermarkt Jona Eisenhof,8645,,,,Rapperswil-Jona
Kaiseraugst,47.53822418,7.73202997,08:30 - 20:00,Coop Supermarkt Kaiseraugst,4303,917.0,,,Kaiseraugst
Kandersteg,46.4948534,7.67310912,08:00 - 18:30,Coop Supermarkt Kandersteg,3718,924.0,,,Kandersteg
Kehrsatz,46.91080714,7.47056988,08:00 - 19:00,Coop Supermarkt Kehrsatz,3122,930.0,,,Kehrsatz
Kerzers,46.97241825,7.19346795,07:00 - 19:00,Coop Supermarkt Kerzers,3210,934.0,,,Kerzers
Kilchberg,47.3231126,8.54900138,07:00 - 20:00,Coop Supermarkt Kilchberg,8802,,,,Kilchberg (ZH)
Kirchberg,47.08762922,7.58403956,07:00 - 19:00,Coop Supermarkt Kirchberg,3422,,,,Kirchberg (BE)
Kleinandelfingen,47.60274861,8.68839052,07:30 - 20:00,Coop Supermarkt Kleinandelfingen,8451,948.0,,,Kleinandelfingen
Kleindöttingen,47.57229608,8.24888206,08:00 - 20:00,Coop Supermarkt Kleindöttingen,5314,,,,Böttstein
Klosters,46.86810277,9.88188167,08:00 - 19:00,Coop Supermarkt Klosters-Platz,7250,952.0,,,Klosters
Kloten,47.45315844,8.58097073,08:00 - 20:00,Coop Supermarkt Kloten Center,8302,953.0,,,Kloten
Kollbrunn,47.45645343,8.77389196,07:30 - 20:00,Coop Supermarkt Kollbrunn,8483,,,,Zell (ZH)
Kölliken,47.33409038,8.02496363,07:30 - 20:00,Coop Supermarkt Kölliken,5742,957.0,,,Kölliken
Köniz,46.92329461,7.41547344,08:00 - 19:00,Coop Supermarkt Köniz Stapfenmärit,3098,958.0,,,Köniz
Konolfingen,46.88123838,7.62400766,08:00 - 19:00,Coop Supermarkt Konolfingen,3510,959.0,,,Konolfingen
Kreuzlingen,47.65061587,9.17327258,08:00 - 20:00,Coop Supermarkt Kreuzlingen Karussell,8280,964.0,,,Kreuzlingen
Kreuzlingen,47.63888284,9.20270227,08:00 - 19:00,Coop Supermarkt Kreuzlingen Ziilcenter,8280,964.0,,,Bottighofen
Kriegstetten,47.17419433,7.59916676,07:00 - 18:30,Coop Supermarkt Kriegstetten,4566,966.0,,,Kriegstetten
Kriens,47.03440461,8.27328153,08:00 - 19:00,Coop Supermarkt Kriens Schappe,6010,967.0,,,Kriens
Kriens,47.0175223,8.29973306,09:00 - 19:00,Coop Supermarkt Kriens Pilatusmarkt,6010,967.0,,,Horw
Küblis,46.91411004,9.7775948,08:00 - 19:00,Coop Supermarkt Küblis,7240,968.0,,,Küblis
Küsnacht,47.31796389,8.5815932,07:30 - 21:00,Coop Supermarkt Küsnacht Dorf,8700,,,,Küsnacht (ZH)
Küsnacht,47.32704729,8.60156712,Closed,Coop Supermarkt Küsnacht Itschnach,8700,,,,Küsnacht (ZH)
Küsnacht,47.32662718,8.60219301,07:30 - 20:00,Coop Supermarkt Küsnacht Itschnach Prov.,8700,,,,Küsnacht (ZH)
Küssnacht am Rigi,47.08237064,8.43960478,08:00 - 20:00,Coop Supermarkt Küssnacht am Rigi,6403,,,,Küssnacht (SZ)
Küttigen,47.41510205,8.04799774,07:30 - 19:00,Coop Supermarkt Küttigen,5024,972.0,,,Küttigen
La Chaux-de-Fonds,47.09559609,6.83027878,07:30 - 19:00,Coop Supermarché La Chaux-de-Fonds Piscine,2300,980.0,,,La Chaux-de-Fonds
La Chaux-de-Fonds,47.10378839,6.83492829,07:30 - 19:00,Coop Supermarché La Chaux-de-Fonds Etoile,2300,980.0,,,La Chaux-de-Fonds
La Chaux-de-Fonds,47.11064686,6.82885577,07:30 - 19:00,Coop Supermarché La Chaux-de-Fonds Bel-Air,2300,980.0,,,La Chaux-de-Fonds
La Chaux-de-Fonds,47.09458812,6.81676265,08:00 - 19:00,Coop Supermarché La Chaux-de-Fonds Entilles,2300,980.0,,,La Chaux-de-Fonds
La Chaux-de-Fonds,47.08865409,6.8025281,08:00 - 19:00,Coop Supermarché La Chaux-de-Fonds Eplatures,2300,980.0,,,La Chaux-de-Fonds
La Neuveville,47.06383187,7.09660845,07:30 - 19:00,Coop Supermarché La Neuveville,2520,986.0,,,La Neuveville
La Roche,46.69801132,7.14020726,07:00 - 19:00,Coop Supermarché La Roche,1634,990.0,,,La Roche
La Sarraz,46.65855463,6.51144531,07:00 - 19:00,Coop Supermarché La Sarraz,1315,992.0,,,La Sarraz
La Tour-De-Peilz,46.45313363,6.85748101,08:00 - 19:00,Coop Supermarché La Tour-de-Peilz,1814,995.0,,,La Tour-de-Peilz
La Tour-de-Trême,46.60659314,7.07081646,07:30 - 19:00,Coop Supermarché La Tour-de-Trême,1635,,,,Bulle
Lachen,47.19143155,8.8558794,08:00 - 20:00,Coop Supermarkt Lachen,8853,998.0,,,Lachen
Landquart,46.96685546,9.5563548,07:30 - 20:00,Coop Supermarkt Landquart,7302,1006.0,,,Landquart
Langendorf,47.22009083,7.51509935,07:30 - 18:30,Coop Supermarkt Langendorf,4513,1008.0,,,Langendorf
Langenthal,47.22080248,7.78150314,07:30 - 19:00,Coop Supermarkt Langenthal Bäregg,4900,1009.0,,,Langenthal
Langenthal,47.21228557,7.79012088,08:00 - 20:00,Coop Supermarkt Langenthal Tell,4900,1009.0,,,Langenthal
Langnau,46.94043509,7.77829706,08:00 - 19:00,Coop Supermarkt Langnau Ilfiscenter,3550,,,,Langnau im Emmental
Langnau am Albis,47.28924305,8.53986191,07:30 - 20:00,Coop Supermarkt Langnau am Albis,8135,1010.0,,,Langnau am Albis
Laufen,47.41912759,7.50209224,07:00 - 20:00,Coop Supermarkt Laufen,4242,1017.0,,,Laufen
Laufenburg,47.55963001,8.06008619,08:00 - 19:00,Coop Supermarkt Laufenburg,5080,1019.0,,,Laufenburg
Laupen,46.9060086,7.23634919,08:00 - 19:00,Coop Supermarkt Laupen,3177,1020.0,,,Laupen
Lausanne,46.53083925,6.61963501,07:30 - 19:00,Coop Supermarché Lausanne Bergières,1004,1023.0,,,Prilly
Lausanne,46.51530766,6.63159826,07:30 - 19:00,Coop Supermarché Lausanne Grancy,1006,1023.0,,,Lausanne
Lausanne,46.510312,6.62617411,07:30 - 19:00,Coop Supermarché Lausanne La Harpe,1007,1023.0,,,Lausanne
Lausanne,46.53766375,6.63170766,07:30 - 19:00,Coop Supermarché Lausanne Entrebois,1018,1023.0,,,Lausanne
Lausanne,46.52940555,6.63048842,08:00 - 19:00,Coop Supermarché Lausanne Pontaise,1018,1023.0,,,Lausanne
Lausanne,46.51395963,6.64713801,07:30 - 19:00,Coop Supermarché Lausanne Chissiez,1006,1023.0,,,Pully
Lausanne,46.51603232,6.61353914,07:30 - 19:00,Coop Supermarché Lausanne Cour,1007,1023.0,,,Lausanne
Lausanne,46.52585166,6.65217746,07:30 - 19:00,Coop Supermarché Lausanne Chailly,1012,1023.0,,,Pully
Lausanne,46.52075678,6.63761619,07:30 - 19:00,Coop Supermarché Lausanne Caroline,1003,1023.0,,,Lausanne
Lausanne,46.52662192,6.61243909,07:30 - 19:00,Coop Supermarché Lausanne Prélaz,1004,1023.0,,,Prilly
Lausanne,46.53292081,6.64675606,07:30 - 19:00,Coop Supermarché La Sallaz,1010,1023.0,,,Lausanne
Lausanne,46.53092851,6.63466286,07:30 - 19:00,Coop Supermarché Lausanne Rouvraie,1018,1023.0,,,Lausanne
Lausanne,46.51875289,6.63537829,08:00 - 19:00,Coop City Lausanne St. François,1005,1023.0,,,Lausanne
Lausen,47.47294682,7.758691,08:00 - 19:00,Coop Supermarkt Lausen,4415,1024.0,,,Lausen
Lauterbrunnen,46.59851544,7.90716658,08:00 - 18:30,Coop Supermarkt Lauterbrunnen,3822,1025.0,,,Lauterbrunnen
Le Grand-Saconnex,46.23110192,6.11903926,07:30 - 19:00,Coop Supermarché Le Grand-Saconnex,1218,1037.0,,,Le Grand-Saconnex
Le Landeron,47.0544596,7.06788375,07:30 - 19:00,Coop Supermarché Le Landeron rue du Lac,2525,1038.0,,,Le Landeron
Le Lignon,46.20351784,6.09612431,07:30 - 19:00,Coop Supermarché Le Lignon,1219,,,,Vernier
Le Locle,47.05711033,6.7472501,07:30 - 19:00,Coop Supermarché Le Locle,2400,1040.0,,,Le Locle
Le Mont-sur-Lausanne,46.55407791,6.63494448,07:30 - 19:00,Coop Supermarché Le Mont-sur-Lausanne,1052,1041.0,,,Le Mont-sur-Lausanne
Le Noirmont,47.22346594,6.95607908,07:30 - 18:30,Coop Supermarché Noirmont,2340,1043.0,,,Le Noirmont
Le Sentier,46.60671355,6.23275188,07:30 - 18:30,Coop Supermarché Le Sentier,1347,,,,Le Chenit
Lengnau,47.18191054,7.36652064,07:00 - 19:00,Coop Supermarkt Lengnau,2543,,,,Lengnau (BE)
Lenk,46.45625245,7.44233346,08:00 - 18:30,Coop Supermarkt Lenk,3775,1052.0,,,Lenk
Lenzburg,47.38989628,8.17091447,07:30 - 20:00,Coop Supermarkt Lenzburg,5600,1054.0,,,Lenzburg
Les Breuleux,47.20978292,7.00063428,07:30 - 18:30,Coop Supermarché Les Breuleux,2345,1056.0,,,Les Breuleux
les Diablerets,46.35217262,7.1991825,08:00 - 19:00,Coop Supermarché Les Diablerets,1865,,,,Ormont-Dessus
Leysin,46.34255921,7.01128739,08:00 - 19:00,Coop Supermarché Leysin,1854,1069.0,,,Leysin
Leytron,46.18580553,7.20784148,07:30 - 18:30,Coop Supermarché Leytron,1912,1070.0,,,Leytron
Liebefeld,46.93035782,7.42826002,08:00 - 19:00,Coop Supermarkt Köniz Steinhölzli,3097,,,,Köniz
Liestal,47.48399119,7.73525979,08:00 - 19:00,Coop Supermarkt Liestal Stabhof,4410,1075.0,,,Liestal
Liestal,47.48344865,7.73638454,08:00 - 19:00,Coop Supermarkt Liestal Bücheli Center,4410,1075.0,,,Liestal
Littau,47.05104427,8.27109232,07:30 - 19:00,Coop Supermarkt Littau,6014,,,,Kriens
Locarno,46.16913587,8.79467303,08:00 - 19:00,Coop Supermercato Locarno Piazza Grande,6600,1082.0,,,Locarno
Losone,46.16727779,8.76247376,08:00 - 19:00,Coop Supermercato Losone Mezzana,6616,1090.0,,,Losone
Losone,46.16469575,8.76858749,08:30 - 19:00,Coop Supermercato Losone Ipermercato Cattori,6616,1090.0,,,Losone
Lotzwil,47.19135296,7.79057699,07:00 - 19:00,Coop Supermarkt Lotzwil,4932,1093.0,,,Lotzwil
Lucens,46.70753121,6.8394484,07:30 - 19:00,Coop Supermarché Lucens,1522,1096.0,,,Lucens
Lugano,46.01728975,8.95839867,07:30 - 19:00,Coop Supermercato Lugano nord,6904,1098.0,,,Savosa
Lugano,46.00278434,8.94984837,08:00 - 19:00,Coop City Lugano,6900,1098.0,,,Lugano
Lupfig,47.4489907,8.21498071,08:00 - 20:00,Coop Supermarkt Lupfig,5242,1106.0,,,Hausen (AG)
Luterbach,47.21600031,7.58685659,08:00 - 18:30,Coop Supermarkt Luterbach,4542,1112.0,,,Luterbach
Lutry,46.50582947,6.68849312,08:00 - 19:00,Coop Supermarché Lutry,1095,1117.0,,,Lutry
Lutry,46.50073872,6.69546842,08:00 - 19:00,Coop Supermarché Lutry la Corniche,1095,1117.0,,,Lutry
Lützelflüh,47.00532301,7.68442459,08:00 - 19:00,Coop Supermarkt Lützelflüh,3432,1119.0,,,Lützelflüh
Luzern,47.03731803,8.30855099,07:30 - 19:00,Coop Supermarkt Luzern Hubelmatt,6005,1122.0,,,Luzern
Luzern,47.06118305,8.30858289,07:00 - 19:00,Coop Supermarkt Luzern Schlossberg,6004,1122.0,,,Luzern
Luzern,47.05115508,8.29995726,07:00 - 19:00,Coop Supermarkt Luzern Kasernenplatz,6003,1122.0,,,Luzern
Luzern,47.04639712,8.30702688,07:00 - 19:00,Coop Supermarkt Luzern Winkelried,6000,1122.0,,,Luzern
Luzern,47.05691699,8.3100537,07:30 - 19:00,Coop Supermarkt Luzern Löwencenter,6004,1122.0,,,Luzern
Luzern,47.05026829,8.3101825,06:00 - 22:00,Coop Supermarkt Luzern Bahnhof,6003,1122.0,,,Luzern
Luzern,47.03689671,8.32830747,08:30 - 19:00,Coop Supermarkt Luzern Schönbühl,6005,1122.0,,,Luzern
Luzern,47.04860355,8.30669413,06:30 - 19:00,Coop Supermarkt Hirschmatt Luzern,6003,1122.0,,,Luzern
Luzern,47.05214166,8.30393482,09:00 - 19:00,Coop City Luzern,6004,1122.0,,,Luzern
Lyss,47.07275264,7.30258868,07:00 - 19:00,Coop Supermarkt Lyss Stigli,3250,1123.0,,,Lyss
Madiswil,47.16602606,7.79845641,08:00 - 19:00,Coop Supermarkt Madiswil,4934,1125.0,,,Madiswil
Magden,47.52598469,7.81555051,07:30 - 19:00,Coop Supermarkt Magden,4312,1127.0,,,Magden
Maggia,46.2457183,8.7046915,08:00 - 19:00,Coop Supermercato Maggia,6673,1129.0,,,Maggia
Magliaso,45.98527123,8.89078128,08:00 - 19:00,Coop Supermercato Magliaso,6983,1130.0,,,Magliaso
Malters,47.03789241,8.17929409,07:30 - 19:00,Coop Supermarkt Malters Weihermatte,6102,1134.0,,,Malters
Malvaglia,46.41237757,8.97750971,08:00 - 19:00,Coop Supermercato Malvaglia,6713,,,,Serravalle
Männedorf,47.25544663,8.68973515,07:00 - 20:00,Coop Supermarkt Männedorf,8708,1137.0,,,Männedorf
Marly,46.78014859,7.15033197,07:30 - 19:00,Coop Supermarché Marly,1723,1142.0,,,Marly
Martigny,46.10345721,7.07707153,08:00 - 18:30,Coop Supermarché Martigny Ville,1920,1146.0,,,Martigny
Martigny,46.11100774,7.07524955,08:30 - 18:30,Coop Supermarché Martigny Cristal,1920,1146.0,,,Martigny
Martigny,46.12673639,7.06014958,06:00 - 21:00,Coop Supermarché Martigny Grand Saint-Bernard,1920,1146.0,,,Vernayaz
Matran,46.7808013,7.08801101,08:00 - 19:00,Coop Supermarché Matran,1753,1154.0,,,Matran
Matten b. Interlaken,46.68064551,7.86623635,08:00 - 20:00,Coop Supermarkt Matten,3800,,,,Matten bei Interlaken
Matzendorf,47.30675686,7.62892144,08:00 - 12:30 14:00 - 18:30,Coop Supermarkt Matzendorf,4713,1157.0,,,Matzendorf
Matzingen,47.52036327,8.93503208,07:30 - 19:00,Coop Supermarkt Matzingen,9548,1158.0,,,Matzingen
Meggen,47.0467889,8.37396748,07:30 - 19:00,Coop Supermarkt Meggen,6045,1164.0,,,Meggen
Meilen,47.26860958,8.64652325,07:00 - 20:00,Coop Supermarkt Meilen,8706,1168.0,,,Meilen
Meiringen,46.72871118,8.18178542,08:00 - 19:00,Coop Supermarkt Meiringen,3860,1171.0,,,Meiringen
Meisterschwanden,47.2957147,8.22775792,08:00 - 20:00,Coop Supermarkt Meisterschwanden,5616,1172.0,,,Meisterschwanden
Melide,45.95516576,8.94819719,08:00 - 19:00,Coop Supermercato Melide,6815,1174.0,,,Melide
Mellingen,47.4187554,8.26993525,08:00 - 20:00,Coop Supermarkt Mellingen,5507,1176.0,,,Mellingen
Mels,47.04731902,9.4208075,07:30 - 19:00,Coop Supermarkt Mels Dorf,8887,1177.0,,,Mels
Mels,47.04037007,9.43497633,08:00 - 19:00,Coop Supermarkt Mels Pizolcenter,8887,1177.0,,,Sargans
Menzingen,47.17878105,8.58831663,07:00 - 19:00,Coop Supermarkt Menzingen,6313,1182.0,,,Menzingen
Mesocco,46.39135803,9.23337138,08:00 - 12:00 14:30 - 19:00,Coop Supermercato Mesocco,6563,1189.0,,,Mesocco
Meyrin,46.22835347,6.07250028,07:30 - 19:00,Coop Supermarché Meyrin Verchère,1217,1197.0,,,Meyrin
Minusio,46.17487746,8.81241662,08:00 - 19:00,Coop Supermercato Minusio,6648,1203.0,,,Minusio
Möhlin,47.56337258,7.842219,08:00 - 19:00,Coop Supermarkt Möhlin,4313,1207.0,,,Möhlin
Montagny-près-Yverdon,46.78993269,6.62066939,08:00 - 19:00,Coop Supermarché Montagny-près-Yverdon,1442,1218.0,,,Montagny-près-Yverdon
Monthey,46.25112213,6.95059228,08:00 - 18:30,Coop Supermarché Monthey,1870,1225.0,,,Monthey
Montreux,46.43153708,6.91131683,08:00 - 19:00,Coop Supermarché Montreux,1820,1228.0,,,Montreux
Mörel,46.35672985,8.04703655,08:00 - 12:00 14:00 - 18:30,Coop Supermarkt Mörel-Filet,3983,,,,Mörel-Filet
Morges,46.51005961,6.4978718,07:30 - 18:45,Coop Supermarché Morges Charpentiers,1110,1235.0,,,Morges
Morges,46.50714827,6.48538837,08:00 - 18:45,Coop Supermarché Morges La Gottaz,1110,1235.0,,,Tolochenaz
Moudon,46.66821424,6.80022518,07:30 - 19:00,Coop Supermarché Moudon,1510,1243.0,,,Moudon
Moutier,47.27749786,7.36880943,08:00 - 19:00,Coop Supermarché Moutier,2740,1244.0,,,Moutier
Müllheim,47.60175154,9.00055571,08:00 - 19:00,Coop Supermarkt Müllheim,8555,1249.0,,,Müllheim
Mümliswil,47.34209291,7.70361342,08:00 - 12:30 14:00 - 18:30,Coop Supermarkt Mümliswil,4717,,,,Mümliswil-Ramiswil
Münchenbuchsee,47.01983354,7.44468317,07:00 - 19:00,Coop Supermarkt Münchenbuchsee,3053,1253.0,,,Münchenbuchsee
Münchenstein,47.52105145,7.60726145,07:00 - 20:00,Coop Supermarkt Münchenstein Gartenstadt,4142,1254.0,,,Münchenstein
Münchwilen,47.47928224,8.99560337,07:00 - 20:00,Coop Supermarkt Münchwilen,9542,,,,Münchwilen (TG)
Münsingen,46.87451986,7.56343408,08:00 - 20:00,Coop Supermarkt Münsingen,3110,1258.0,,,Münsingen
Münster,46.48814692,8.26931656,08:00 - 12:00 14:00 - 18:30,Coop Supermarkt Münster,3985,,,,Goms
Murgenthal,47.26750949,7.83562308,07:00 - 20:00,Coop Supermarkt Murgenthal,4853,1266.0,,,Murgenthal
Muri,47.27266757,8.34077223,07:30 - 20:00,Coop Supermarkt Muri AG,5630,,,,Muri (AG)
Muri,46.93215739,7.48421344,08:00 - 19:00,Coop Supermarkt Muri,3074,,,,Muri bei Bern
Mürren,46.5596186,7.8937222,08:00 - 18:30,Coop Supermarkt Mürren,3825,,,,Lauterbrunnen
Murten,46.9267689,7.11502549,07:00 - 20:00,Coop Supermarkt Murten Stedtli,3280,1270.0,,,Murten
Murten,46.93693758,7.1362,08:00 - 19:00,Coop Supermarkt Murten Löwenberg K.,3280,1270.0,,,Muntelier
Muttenz,47.53575258,7.62736225,08:00 - 20:00,Coop Supermarkt Muttenz Freidorf,4132,1272.0,,,Muttenz
Muttenz,47.52762357,7.6474909,08:00 - 20:00,Coop Supermarkt Muttenz Dorf,4132,1272.0,,,Muttenz
Muttenz,47.53505433,7.64145075,07:00 - 18:00,Coop Supermarkt Muttenz Campus,4132,1272.0,,,Muttenz
Naters,46.32285842,7.98938311,07:30 - 18:30,Coop Supermarkt Naters Bine,3904,1274.0,,,Naters
Naters,46.32820554,8.01050031,07:30 - 18:30,Coop Supermarkt Naters Aletsch,3904,1274.0,,,Bitsch
Neftenbach,47.52635623,8.66903723,07:30 - 19:00,Coop Supermarkt Neftenbach,8413,1278.0,,,Neftenbach
Nesslau,47.22550171,9.19932862,07:30 - 19:00,Coop Supermarkt Nesslau,9650,1282.0,,,Nesslau
Netstal,47.06738851,9.05866452,08:00 - 20:00,Coop Supermarkt Netstal Wiggispark,8754,,,,Glarus
Neuchâtel,46.98820848,6.90985808,07:30 - 19:00,Coop Supermarché Neuchâtel Vauseyon,2000,1283.0,,,Neuchâtel
Neuchâtel,46.990574,6.92967283,07:30 - 19:00,Coop Supermarché Neuchâtel La Treille,2000,1283.0,,,Neuchâtel
Neuchâtel,46.99538322,6.94320844,08:00 - 19:00,Coop Supermarché Neuchâtel La Maladière,2000,1283.0,,,Neuchâtel
Neuchâtel,46.99645756,6.93583574,06:00 - 22:00,Coop Supermarché Neuchatel Gare,2000,1283.0,,,Neuchâtel
Neuchâtel,46.98993715,6.93008643,08:00 - 19:00,Coop City Neuchâtel,2000,1283.0,,,Neuchâtel
Neuenegg,46.89405225,7.30180895,07:00 - 19:00,Coop Supermarkt Neuenegg,3176,1285.0,,,Neuenegg
Neuenhof,47.44915328,8.32847562,08:00 - 19:00,Coop Supermarkt Neuenhof,5432,1286.0,,,Neuenhof
Neuhausen,47.68284029,8.61999512,07:30 - 20:00,Coop Supermarkt Neuhausen Posthof,8212,,,,Neuhausen am Rheinfall
Neuhausen am Rheinfall,47.68013458,8.60649641,07:30 - 20:00,Coop Supermarkt Neuhausen Schützengut,8212,1288.0,,,Neuhausen am Rheinfall
Neunkirch,47.68958462,8.49599661,07:30 - 19:00,Coop Supermarkt Neunkirch,8213,1291.0,,,Neunkirch
Nidau,47.1247874,7.2398827,07:00 - 19:00,Coop Supermarkt Nidau,2560,1293.0,,,Nidau
Niederbipp,47.26950287,7.69350137,07:00 - 19:00,Coop Supermarkt Niederbipp,4704,1294.0,,,Niederbipp
Niederglatt,47.49123217,8.5039155,07:00 - 20:00,Coop Supermarkt Niederglatt,8172,1299.0,,,Niederglatt
Niederrohrdorf,47.42338799,8.30535488,08:00 - 20:00,Coop Supermarkt Niederrohrdorf,5443,1308.0,,,Niederrohrdorf
Niederscherli,46.88544253,7.38831882,07:00 - 19:00,Coop Supermarkt Niederscherli,3145,,,,Oberbalm
Niederurnen,47.12719253,9.05533302,07:30 - 20:00,Coop Supermarkt Niederurnen,8867,,,,Glarus Nord
Niederuzwil,47.44564064,9.13972141,08:00 - 19:00,Coop Supermarkt Niederuzwil,9244,,,,Uzwil
Niederwangen,46.92525079,7.37802664,07:00 - 19:00,Coop Supermarkt Niederwangen,3172,,,,Köniz
Nottwil,47.13684591,8.132429,07:00 - 19:00,Coop Supermarkt Nottwil Rösslipark,6207,1313.0,,,Nottwil
Nunningen,47.39369257,7.62040991,08:00 - 18:30,Coop Supermarkt Nunningen,4208,1319.0,,,Nunningen
Nyon,46.38807796,6.22873349,07:30 - 19:00,Coop Supermarché Nyon Levratte,1260,1323.0,,,Nyon
Oberägeri,47.13497234,8.61317404,07:30 - 19:00,Coop Supermarkt Oberägeri,6315,1324.0,,,Oberägeri
Oberburg,47.03696254,7.63079541,08:00 - 19:00,Coop Supermarkt Oberburg,3414,1329.0,,,Oberburg
Oberdiessbach,46.83763915,7.61768317,08:00 - 19:00,Coop Supermarkt Oberdiessbach,3672,1330.0,,,Oberdiessbach
Oberdorf,47.39441817,7.74866973,08:00 - 19:00,Coop Supermarkt Oberdorf,4436,,,,Oberdorf (BL)
Oberengstringen,47.4106037,8.45780623,07:00 - 21:00,Coop Supermarkt Oberengstringen,8102,1337.0,,,Oberengstringen
Oberrieden,47.27822983,8.57540269,07:00 - 20:00,Coop Supermarkt Oberrieden,8942,1355.0,,,Oberrieden
Oberriet,47.32350396,9.56891189,07:30 - 19:00,Coop Supermarkt Oberriet,9463,,,,Oberriet (SG)
Obersiggenthal,47.48860029,8.29190031,08:00 - 19:00,Coop Supermarkt Nussbaumen,5415,1360.0,,,Obersiggenthal
Oberwil,47.51449308,7.55785536,07:00 - 20:00,Coop Supermarkt Oberwil Bahnhofstrasse,4104,,,,Oberwil (BL)
Oberwil,47.50759886,7.55371172,08:00 - 20:00,Coop Supermarkt Oberwil Mühlematt,4104,,,,Oberwil (BL)
Obfelden,47.26684854,8.42413865,07:30 - 20:00,Coop Supermarkt Obfelden,8912,1368.0,,,Obfelden
Oensingen,47.28914036,7.71968992,08:00 - 18:30,Coop Supermarkt Oensingen,4702,1371.0,,,Oensingen
Oftringen,47.31205545,7.91296578,09:00 - 20:00,Coop Supermarkt Oftringen Perry Center,4665,1376.0,,,Oftringen
Olten,47.34674825,7.92147921,07:30 - 18:30,Coop Supermarkt Olten Wilerfeld,4600,1380.0,,,Starrkirch-Wil
Olten,47.34710681,7.90869824,07:00 - 18:30,Coop Supermarkt Olten Sälihof,4600,1380.0,,,Olten
Olten,47.35213801,7.90789544,06:00 - 22:00,Coop Supermarkt Olten Bahnhof,4600,1380.0,,,Olten
Onex,46.1875359,6.10417498,08:00 - 19:00,Coop Supermarché Onex,1213,1382.0,,,Onex
Orbe,46.73089685,6.53095037,07:30 - 18:30,Coop Supermarché Orbe,1350,1388.0,,,Orbe
Ormône-Savièse,46.24232873,7.33976683,07:30 - 18:30,Coop Supermarché Savièse,1965,,,,Savièse
Oron-La-Ville,46.5706302,6.82027913,08:00 - 19:00,Coop Supermarché Oron-La-Ville,1610,,,,Oron
Ostermundigen,46.9592886,7.50034364,07:00 - 20:00,Coop Supermarkt Ostermundigen Rütiweg,3072,1402.0,,,Ostermundigen
Ostermundigen,46.95565338,7.48362861,08:00 - 19:00,Coop Supermarkt Ostermundigen Bahnhofstrasse,3072,1402.0,,,Ostermundigen
Othmarsingen,47.40074835,8.2156557,08:00 - 19:00,Coop Supermarkt Othmarsingen,5504,1404.0,,,Othmarsingen
Ovronnaz,46.20288945,7.16799519,08:00 - 18:30,Coop Supermarché Ovronnaz,1911,,,,Saillon
Payerne,46.82211452,6.94185849,08:00 - 19:00,Coop Supermarché Payerne,1530,1410.0,,,Payerne
Penthalaz,46.6070882,6.52260216,07:30 - 19:00,Coop Supermarché Penthalaz Venoge,1305,1411.0,,,Penthalaz
Penthalaz,46.6088668,6.52674919,07:30 - 19:00,Coop Supermarché Penthalaz Village,1305,1411.0,,,Penthalaz
Peseux,46.98857068,6.89130673,07:30 - 19:00,Coop Supermarché Peseux,2034,,,,Milvignes
Petit-Lancy,46.19011727,6.11938644,07:30 - 19:00,Coop Supermarché Petit-Lancy,1213,,,,Lancy
Pfäffikon,47.20045871,8.77817615,07:00 - 20:00,Coop Supermarkt Pfäffikon SZ Etzelstrasse,8808,1421.0,,,Freienbach
Pfäffikon,47.36891345,8.78207973,07:30 - 20:00,Coop Supermarkt Pfäffikon ZH,8330,1421.0,,,Pfäffikon
Pfäffikon,47.2006128,8.79498274,08:00 - 21:00,Coop Supermarkt Pfäffikon SZ Seedamm,8808,1421.0,,,Freienbach
Pfäffikon,47.20293591,8.77866065,06:00 - 21:00,Coop Supermarkt Pfäffikon Bahnhof,8808,1421.0,,,Freienbach
Pieterlen,47.17449411,7.33645497,07:00 - 19:00,Coop Supermarkt Pieterlen,2542,1427.0,,,Pieterlen
Plaffeien,46.73985595,7.28992796,07:00 - 19:00,Coop Supermarkt Plaffeien,1716,1428.0,,,Plaffeien
Plan-Les-Ouates,46.16918372,6.12110989,08:00 - 19:00,Coop Supermarché Plan-Les-Ouates,1228,1429.0,,,Plan-les-Ouates
Plan-les-Ouates,46.1693247,6.12162449,07:30 - 19:00,Coop Supermarché Plan-les-Ouates Tourbillon,1228,1429.0,,,Plan-les-Ouates
Pontresina,46.48867605,9.90594488,08:00 - 19:00,Coop Supermarkt Pontresina,7504,1442.0,,,Pontresina
Porrentruy,47.41714885,7.07780986,08:00 - 18:30,Coop Supermarché Porrentruy Ajoie,2900,1443.0,,,Porrentruy
Poschiavo,46.32371079,10.05482009,08:00 - 12:15 13:30 - 18:30,Coop Supermercato Poschiavo,7742,1447.0,,,Poschiavo
Pratteln,47.52021534,7.69128962,08:00 - 20:00,Coop Supermarkt Pratteln Bahnhof,4133,1450.0,,,Pratteln
Pratteln,47.52756564,7.69027554,10:00 - 20:00,Coop Supermarkt Pratteln Grüssen,4133,1450.0,,,Pratteln
Pregassona,46.01995659,8.96942482,08:00 - 19:00,Coop Supermercato Lugano Pregassona,6963,,,,Canobbio
Prilly,46.52463356,6.60257706,07:00 - 19:00,Coop Supermarché Prilly Malley,1008,1458.0,,,Prilly
Prilly,46.53420453,6.60611812,08:00 - 19:00,Coop Supermarché Prilly Centre,1008,1458.0,,,Prilly
Prilly,46.52940161,6.60135629,07:30 - 19:00,Coop Supermarché Prilly Business Parc,1008,1458.0,,,Prilly
Pully,46.51058193,6.6582108,07:30 - 19:00,Coop Supermarché Pully,1009,1461.0,,,Pully
Rapperswil,47.22754876,8.82202588,07:00 - 20:00,Coop Supermarkt Rapperswil,8640,,,,Rapperswil-Jona
Rapperswil,47.22532225,8.81790093,06:00 - 22:00,Coop Supermarkt Rapperswil Bahnhof,8640,,,,Rapperswil-Jona
Räterschen,47.49877814,8.7976396,07:30 - 19:00,Coop Supermarkt Räterschen,8352,,,,Elsau
Reconvilier,47.23074956,7.21250982,08:00 - 19:00,Coop Supermarché Reconvilier,2732,1482.0,,,Reconvilier
Regensdorf,47.43138157,8.4690209,08:00 - 20:00,Coop Supermarkt Regensdorf Zentrum,8105,1484.0,,,Regensdorf
Regensdorf,47.43739171,8.47489096,08:00 - 21:00,Coop Supermarkt Regensdorf Rägi Märt,8105,1484.0,,,Regensdorf
Reichenbach,46.6251979,7.69057041,08:00 - 18:30,Coop Supermarkt Reichenbach,3713,,,,Reichenbach im Kandertal
Reichenburg,47.16739813,8.98003533,08:00 - 19:00,Coop Supermarkt Reichenburg,8864,1487.0,,,Reichenburg
Reiden,47.24810328,7.97062626,07:30 - 19:00,Coop Supermarkt Reiden,6260,1488.0,,,Reiden
Reinach,47.506141,7.59982085,08:00 - 19:00,Coop Supermarkt Reinach Surbaum,4153,,,,Reinach (BL)
Reinach,47.49376507,7.59332077,08:00 - 20:00,Coop Supermarkt Reinach BL,4153,,,,Reinach (BL)
Reinach,47.25163499,8.18245462,07:30 - 19:00,Coop Supermarkt Reinach AG,5734,,,,Reinach (AG)
Renens,46.53832361,6.58174145,08:00 - 19:00,Coop Supermarché Renens Centre,1020,,,,Renens (VD)
Rennaz,46.38191562,6.92089729,08:00 - 19:30,Coop Supermarché Rennaz Provisoire,1847,1499.0,,,Rennaz
Rheineck,47.468356729999996,9.58965642,06:30 - 19:00,Coop Supermarkt Rheineck,9424,1504.0,,,Rheineck
Rheinfelden,47.55154067,7.78538904,08:00 - 20:00,Coop Supermarkt Rheinfelden Salmen-Center,4310,1505.0,,,Rheinfelden
Riazzino,46.17495694,8.89160337,06:00 - 22:00,Coop Supermercato Riazzino PY,6595,,,,Lavertezzo
Richterswil,47.20847638,8.70567811,07:00 - 20:00,Coop Supermarkt Richterswil Poststrasse,8805,1508.0,,,Richterswil
Richterswil,47.20372174,8.68385166,08:00 - 20:00,Coop Supermarkt Richterswil Obermatt,8805,1508.0,,,Richterswil
Rickenbach bei Wil,47.44704549,9.0530358,08:00 - 20:00,Coop Supermarkt Rickenbach,9532,,,,Rickenbach (TG)
Riddes,46.17238352,7.22139129,07:30 - 18:30,Coop Supermarché Riddes,1908,1514.0,,,Riddes
Riederalp,46.37834744,8.03337137,08:00 - 12:00,Coop Supermarkt Riederalp,3987,1517.0,,,Riederalp
Riehen,47.57080181,7.63290902,07:00 - 20:00,Coop Supermarkt Riehen Rauracher,4125,1519.0,,,Riehen
Riehen,47.58505295,7.65060106,07:00 - 19:00,Coop Supermarkt Riehen Schmiedgasse,4125,1519.0,,,Riehen
Riggisberg,46.80965221,7.47875192,07:30 - 19:00,Coop Supermarkt Riggisberg,3132,1522.0,,,Riggisberg
Roggwil,47.24209432,7.82126245,07:00 - 19:00,Coop Supermarkt Roggwil,4914,,,,Roggwil (BE)
Rohr,47.40191818,8.08084757,07:30 - 20:00,Coop Supermarkt Rohr,5032,,,,Biberstein
Rolle,46.45786028,6.33864805,07:30 - 19:00,Coop Supermarché Rolle,1180,1539.0,,,Rolle
Romanshorn,47.56354355,9.37723855,08:00 - 20:00,Coop Supermarkt Romanshorn,8590,1543.0,,,Romanshorn
Romont,46.69292945,6.9139599,08:00 - 19:00,Coop Supermarché Romont,1680,,,,Romont (FR)
Root,47.11796672,8.39194588,07:30 - 19:00,Coop Supermarkt Root,6037,1550.0,,,Root
Rorschach,47.4780131,9.49097944,07:30 - 19:00,Coop Supermarkt Rorschach,9400,1553.0,,,Rorschach
Rothenburg,47.09302941,8.27067795,07:30 - 19:00,Coop Supermarkt Rothenburg,6023,1562.0,,,Rothenburg
Rothrist,47.30598321,7.88851375,07:30 - 20:00,Coop Supermarkt Rothrist,4852,1565.0,,,Rothrist
Rotkreuz,47.14066475,8.42683832,07:30 - 19:00,Coop Supermarkt Rotkreuz,6343,,,,Risch
Roveredo,46.23743294,9.12729376,08:00 - 19:00,Coop Supermercato Roveredo GR,6535,,,,Roveredo (GR)
Rüegsau,47.01795625,7.660413,07:30 - 19:00,Coop Supermarkt Hasle Rüegsau,3415,1577.0,,,Hasle bei Burgdorf
Rüfenacht,46.92985307,7.53171953,08:00 - 19:00,Coop Supermarkt Rüfenacht,3075,,,,Allmendingen
Rümlang,47.46318463,8.52630005,08:00 - 20:00,Coop Supermarkt Rümlang Riedmatt,8153,1582.0,,,Rümlang
Rüschegg,46.78099583,7.40816372,08:00 - 12:00 14:00 - 18:30,Coop Supermarkt Rüschegg Heubach,3154,1586.0,,,Rüschegg
Rüschlikon,47.3076713,8.55423462,07:00 - 20:00,Coop Supermarkt Rüschlikon,8803,1587.0,,,Rüschlikon
Ruswil,47.08378731,8.12711931,08:00 - 19:00,Coop Supermarkt Ruswil,6017,1590.0,,,Ruswil
Rüti,47.25733665,8.85003067,07:30 - 20:00,Coop Supermarkt Rüti,8630,,,,Rüti (ZH)
Saas Fee,46.10767066,7.92622797,08:00 - 12:15 14:15 - 18:30,Coop Supermarkt Saas Fee Dorfstrasse,3906,,,,Saas-Fee
Saas Grund,46.12418441,7.9370749,08:00 - 12:00 14:00 - 18:30,Coop Supermarkt Saas Grund,3910,,,,Saas-Grund
Saas-Fee,46.10913516,7.92871133,08:00 - 18:30,Coop Supermarkt Saas Fee Postplatz,3906,1601.0,,,Saas-Fee
Saignelégier,47.25681047,6.99912517,08:00 - 18:30,Coop Supermarché Saignelégier,2350,1609.0,,,Saignelégier
Saint-Aubin,46.89598208,6.77594022,07:30 - 19:00,Coop Supermarché Saint-Aubin,2024,,,,Provence
Saint-Blaise,47.01347432,6.98474571,07:30 - 19:00,Coop Supermarché Saint-Blaise,2072,1613.0,,,Saint-Blaise
Saint-Imier,47.15349083,7.00000112,08:00 - 19:00,Coop Supermarché Saint-Imier,2610,1618.0,,,Saint-Imier
Saint-Maurice,46.21773243,7.00634579,07:45 - 18:30,Coop Supermarché Saint-Maurice,1890,1623.0,,,Saint-Maurice
Saint-Prex,46.48232753,6.4569267,07:30 - 19:00,Coop Supermarché Saint-Prex,1162,1625.0,,,Saint-Prex
Saint-Ursanne,47.36553045,7.1548264,07:30 - 18:30,Coop Supermarché Saint-Ursanne,2882,,,,Clos du Doubs
Sainte-Croix,46.82293892,6.50148187,08:00 - 18:30,Coop Supermarché Sainte-Croix,1450,1628.0,,,Sainte-Croix
Samedan,46.53219828,9.87060418,08:00 - 19:00,Coop Supermarkt Samedan,7503,1634.0,,,Samedan
San Antonino,46.15454112,8.9659427,08:00 - 19:00,Coop Supermercato S. Antonino,6592,,,,Sant'Antonino
Sargans,47.04739648,9.44072742,07:00 - 19:00,Coop Supermarkt Sargans,7320,1639.0,,,Sargans
Sarnen,46.8973071,8.25121789,08:00 - 20:00,Coop Supermarkt Sarnen,6060,1641.0,,,Sarnen
Satigny,46.20957226,6.03618104,07:30 - 19:00,Coop Supermarché Satigny,1242,1642.0,,,Satigny
Savigny,46.53812017,6.73110463,07:30 - 19:00,Coop Supermarché Savigny,1073,1649.0,,,Savigny
Saxon,46.14936393,7.17514674,07:00 - 18:30,Coop Supermarché Saxon,1907,1652.0,,,Saxon
Schaan FL,47.17536236,9.50984688,07:00 - 19:00,Coop Supermarkt Schaan,9494,,,,Buchs (SG)
Schaffhausen,47.69636324,8.63361932,07:30 - 20:00,Coop Supermarkt Schaffhausen Fronwagplatz,8200,1653.0,,,Schaffhausen
Schaffhausen,47.70393027,8.61570886,07:30 - 19:00,Coop Supermarkt Schaffhausen Riet,8200,1653.0,,,Schaffhausen
Schaffhausen,47.72137632,8.66554709,08:30 - 20:00,Coop Supermarkt Schaffhausen Herblingen,8207,1653.0,,,Stetten (SH)
Schaffhausen,47.70304045,8.64545542,07:30 - 19:00,Coop Supermarkt Schaffhausen Gruben,8200,1653.0,,,Feuerthalen
Schaffhausen,47.6963001,8.63451051,08:30 - 19:00,Coop City Schaffhausen,8200,1653.0,,,Schaffhausen
Schattdorf,46.8656074,8.65468369,07:30 - 18:30,Coop Supermarkt Schattdorf,6467,1658.0,,,Schattdorf
Schattdorf,46.85540846,8.645037,08:00 - 18:30,Coop Supermarkt Schattdorf Tellpark,6467,1658.0,,,Schattdorf
Schenkon,47.17817041,8.12640727,08:00 - 19:00,Coop Supermarkt Schenkon,6214,1661.0,,,Schenkon
Schiers,46.96967769,9.68415297,07:30 - 20:00,Coop Supermarkt Schiers,7220,1663.0,,,Schiers
Schleitheim,47.74670004,8.48064282,07:30 - 19:00,Coop Supermarkt Schleitheim,8226,1669.0,,,Schleitheim
Schlieren,47.39729752,8.44888778,08:00 - 20:00,Coop Supermarkt Schlieren Lilie,8952,1671.0,,,Schlieren
Schlieren,47.40025288,8.44108784,07:30 - 20:00,Coop Supermarkt Schlieren Rietpark,8952,1671.0,,,Schlieren
Schliern,46.90992735,7.4150463,08:00 - 19:00,Coop Supermarkt Köniz Schliern,3098,,,,Köniz
Schmitten,46.85476656,7.24957642,07:00 - 19:00,Coop Supermarkt Schmitten,3185,,,,Schmitten (FR)
Schöftland,47.30858932,8.05113268,07:30 - 20:00,Coop Supermarkt Schöftland,5040,1681.0,,,Schöftland
Schönbühl,47.0204935,7.49804556,06:30 - 19:00,Coop Supermarkt Schönbühl Dorf,3322,,,,Urtenen-Schönbühl
Schönenwerd,47.37324191,8.00186508,07:30 - 18:30,Coop Supermarkt Schönenwerd,5012,1684.0,,,Schönenwerd
Schötz,47.16899711,7.99264652,08:00 - 19:00,Coop Supermarkt Schötz,6247,1687.0,,,Schötz
Schüpfen,47.04103789,7.37897388,07:00 - 19:00,Coop Supermarkt Schüpfen,3054,1690.0,,,Schüpfen
Schüpfheim,46.94712881,8.00920933,07:30 - 19:00,Coop Supermarkt Schüpfheim,6170,1691.0,,,Schüpfheim
Schwanden,46.99491397,9.07539788,07:30 - 19:00,Coop Supermarkt Schwanden,8762,,,,Glarus Süd
Schwarzenburg,46.81980049,7.34190048,08:00 - 19:00,Coop Supermarkt Schwarzenburg,3150,1696.0,,,Schwarzenburg
Schwyz,47.02031389,8.65166624,07:30 - 20:00,Coop Supermarkt Schwyz,6430,1700.0,,,Schwyz
Scuol,46.79543626,10.29543821,08:00 - 19:00,Coop Supermarkt Scuol,7550,1701.0,,,Scuol
Sedrun,46.67886146,8.77109959,08:00 - 12:15 13:30 - 18:30,Coop Supermarkt Sedrun,7188,,,,Tujetsch
Seewen,47.03345952,8.6282528,08:00 - 20:00,Coop Supermarkt Seewen-Markt,6423,1709.0,,,Steinen
Selzach,47.20439184,7.45629194,08:00 - 18:30,Coop Supermarkt Selzach,2545,1713.0,,,Selzach
Sembrancher,46.07844271,7.13920689,07:30 - 18:30,Coop Supermarché Sembrancher,1933,1714.0,,,Sembrancher
Sementina,46.18576839,8.99253258,08:00 - 19:00,Coop Supermercato Sementina,6514,,,,Bellinzona
Sempach,47.1245478,8.19398881,07:30 - 19:00,Coop Supermarkt Sempach,6204,1715.0,,,Sempach
Seon,47.34761615,8.16171839,07:30 - 20:00,Coop Supermarkt Seon,5703,1719.0,,,Seon
Seuzach,47.53699798,8.73410283,07:30 - 20:00,Coop Supermarkt Seuzach,8472,1723.0,,,Seuzach
Sevelen,47.12257785,9.48995492,07:30 - 19:00,Coop Supermarkt Sevelen,9475,1725.0,,,Sevelen
Siebnen,47.17569614,8.9019567,08:00 - 20:00,Coop Supermarkt Siebnen,8854,,,,Wangen (SZ)
Sierre,46.29386897,7.53487764,08:00 - 18:30,Coop Supermarché Sierre,3960,1727.0,,,Sierre
Sierre,46.28103832,7.51273395,08:00 - 18:30,Coop Supermarché Sierre Rossfeld,3960,1727.0,,,Chalais
Signau,46.92256246,7.7287124,08:00 - 18:30,Coop Supermarkt Signau,3534,1729.0,,,Signau
Signy,46.39762052,6.20594625,08:30 - 19:00,Coop Supermarché Signy,1274,,,,Signy-Avenex
Sigriswil,46.71793343,7.71407497,07:30 - 18:30,Coop Supermarkt Sigriswil,3655,1731.0,,,Sigriswil
Sins,47.19078105,8.39571128,07:30 - 20:00,Coop Supermarkt Sins,5643,1737.0,,,Sins
Sion,46.22611717,7.36067699,08:00 - 18:30,Coop Supermarché Sion sous Gare,1950,1738.0,,,Sion
Sirnach,47.46287334,8.99635667,08:00 - 19:00,Coop Supermarkt Sirnach,8370,1739.0,,,Münchwilen (TG)
Sissach,47.46348156,7.81366194,08:00 - 20:00,Coop Supermarkt Sissach,4450,1742.0,,,Sissach
Solduno,46.16928981,8.78104074,08:00 - 19:00,Coop Supermercato Locarno Solduno,6604,,,,Locarno
Solothurn,47.20470104,7.53842558,07:00 - 18:30,Coop Supermarkt Solothurn Rosengarten,4500,1746.0,,,Zuchwil
Solothurn,47.20725044,7.53383696,08:00 - 18:30,Coop Supermarkt Solothurn Westring,4500,1746.0,,,Solothurn
Solothurn,47.20809136,7.51587396,08:00 - 18:30,Coop Supermarkt Solothurn Brühl,4500,1746.0,,,Langendorf
Solothurn,47.20379718,7.54337334,05:30 - 22:00,Coop Supermarkt Solothurn Bahnhof,4501,1746.0,,,Zuchwil
Sonceboz,47.19503952,7.17795522,Closed,Coop Supermarché Sonceboz,2605,,,,Sonceboz-Sombeval
Spiez,46.6894491,7.67574465,08:00 - 19:00,Coop Supermarkt Spiez,3700,1757.0,,,Spiez
St. Gallen,47.42435149,9.37435487,07:00 - 19:00,Coop Supermarkt St. Gallen Neugasse,9000,1760.0,,,St. Gallen
St. Gallen,47.43790123,9.41317046,08:00 - 19:00,Coop Supermarkt St. Gallen Gallusmarkt,9016,1760.0,,,Mörschwil
St. Gallen,47.40862158,9.30684352,08:00 - 19:00,Coop Supermarkt St. Gallen Shopping Arena,9015,1760.0,,,Gaiserwald
St. Gallen,47.42230575,9.3686466,06:00 - 22:00,Coop Supermarkt St. Gallen Bahnhof,9000,1760.0,,,St. Gallen
St. Gallen,47.42617159,9.37687363,08:00 - 19:00,Coop City St. Gallen,9004,1760.0,,,St. Gallen
St. Gallen Lerchenfeld,47.41270539,9.33611844,08:00 - 19:00,Coop Supermarkt St. Gallen Lerchenfeld,9014,,,,Gaiserwald
St. Margrethen,47.45146116,9.63551759,07:30 - 19:00,Coop Supermarkt St. Margrethen,9430,1761.0,,,St. Margrethen
St. Moritz,46.49881767,9.83885606,08:00 - 19:00,Coop Supermarkt St. Moritz-Dorf,7500,1762.0,,,St. Moritz
St. Moritz,46.49089611,9.83507815,08:00 - 19:00,Coop Supermarkt St. Moritz Bellevue,7500,1762.0,,,St. Moritz
Stäfa,47.24159506,8.72469272,07:30 - 20:00,Coop Supermarkt Stäfa,8712,1769.0,,,Stäfa
Stallikon,47.34282447,8.48309633,07:00 - 20:00,Coop Supermarkt Stallikon,8143,1773.0,,,Wettswil am Albis
Stans,46.9583762,8.36868279,07:30 - 19:00,Coop Supermarkt Stans,6370,1775.0,,,Stans
Stansstad,46.97554021,8.34172142,07:30 - 19:00,Coop Supermarkt Stansstad,6362,1776.0,,,Stansstad
Steckborn,47.66403793,8.97942319,08:00 - 20:00,Coop Supermarkt Steckborn,8266,1779.0,,,Steckborn
Steffisburg,46.77576102,7.63332117,08:00 - 19:00,Coop Supermarkt Steffisburg,3612,1780.0,,,Steffisburg
Stein,47.54637879,7.9523182,08:00 - 20:00,Coop Supermarkt Stein Aargau,4332,,,,Stein (AG)
Stein am Rhein,47.65324814,8.85333189,07:30 - 20:00,Coop Supermarkt Stein am Rhein,8260,1784.0,,,Stein am Rhein
Steinhausen,47.19695076,8.48374435,07:00 - 19:00,Coop Supermarkt Steinhausen,6312,1788.0,,,Steinhausen
Stettlen,46.95800316,7.5140451,07:00 - 19:00,Coop Supermarkt Deisswil,3066,1793.0,,,Stettlen
Strengelbach,47.27964302,7.9270188,07:30 - 19:00,Coop Supermarkt Strengelbach,4802,1795.0,,,Strengelbach
Studen,47.11298565,7.30101082,07:00 - 19:00,Coop Supermarkt Studen,2557,,,,Studen (BE)
Subingen,47.19650886,7.61261519,07:00 - 18:30,Coop Supermarkt Subingen,4553,1798.0,,,Subingen
Sugiez,46.96526247,7.12233541,07:30 - 19:00,Coop Supermarché Sugiez,1786,,,,Mont-Vully
Suhr,47.37429743,8.07731065,07:30 - 20:00,Coop Supermarkt Suhr,5034,1801.0,,,Suhr
Sulgen,47.54076762,9.18359409,07:30 - 19:00,Coop Supermarkt Sulgen,8583,1802.0,,,Sulgen
Sumiswald,47.02937741,7.74412922,07:30 - 19:00,Coop Supermarkt Sumiswald,3454,1804.0,,,Sumiswald
Sursee,47.17300759,8.10336176,08:00 - 19:00,Coop Supermarkt Sursee Surseepark,6210,1807.0,,,Sursee
Susten,46.31144565,7.64396741,06:00 - 18:30,Coop Supermarkt Susten,3952,,,,Leuk
Tafers,46.81573001,7.21660158,07:00 - 18:30,Coop Supermarkt Tafers,1712,1812.0,,,Tafers
Tägerwilen,47.65653257,9.13323139,08:00 - 20:00,Coop Supermarkt Tägerwilen,8274,1814.0,,,Tägerwilen
Tann-Dürnten,47.26811823,8.85261536,07:00 - 20:00,Coop Supermarkt Tann-Dürnten,8632,,,,Rüti (ZH)
Täsch,46.07653848,7.77854419,08:00 - 18:30,Coop Supermarkt Täsch,3929,1818.0,,,Täsch
Täuffelen,47.07171608,7.20179413,07:00 - 19:00,Coop Supermarkt Täuffelen,2575,1819.0,,,Täuffelen
Taverne,46.06193774,8.92917859,07:30 - 19:00,Coop Supermercato Taverne,6807,,,,Torricella-Taverne
Tenero,46.17474097,8.85550218,08:00 - 19:00,Coop Supermercato Tenero,6598,,,,Tenero-Contra
Tesserete,46.06852221,8.96821415,08:00 - 19:00,Coop Supermercato Tesserete,6950,,,,Capriasca
Thalwil,47.2966293,8.56214888,07:30 - 20:00,Coop Supermarkt Thalwil,8800,1835.0,,,Thalwil
Thayngen,47.74630535,8.70606469,07:30 - 19:00,Coop Supermarkt Thayngen,8240,1836.0,,,Thayngen
Therwil,47.49911672,7.55450297,08:00 - 19:00,Coop Supermarkt Therwil,4106,1837.0,,,Therwil
Thierrens,46.70344617,6.75443292,07:30 - 19:00,Coop Supermarché Thierrens,1410,,,,Montanaire
Thônex,46.19248946,6.20168158,07:30 - 19:00,Coop Supermarché Thônex,1226,1839.0,,,Thônex
Thun,46.75348157,7.61511373,07:00 - 19:00,Coop Supermarkt Thun Schönau,3600,1841.0,,,Thun
Thun,46.74348979,7.59492905,07:00 - 19:00,Coop Supermarkt Allmendingen,3608,1841.0,,,Amsoldingen
Thun,46.76456749,7.60059314,07:00 - 19:00,Coop Supermarkt Thun Lerchenfeld,3603,1841.0,,,Thun
Thun,46.74052623,7.62194084,08:00 - 20:00,Coop Supermarkt Thun Strättligen Markt,3604,1841.0,,,Thun
Thun,46.7589364,7.62426801,08:00 - 20:00,Coop Supermarkt Thun Rexmax,3600,1841.0,,,Thun
Thun,46.75743381,7.62994346,07:00 - 19:00,Coop Supermarkt Thun Bälliz,3600,1841.0,,,Thun
Thun,46.75491549,7.62968584,06:00 - 22:00,Coop Supermarkt Thun Bahnhof,3600,1841.0,,,Thun
Thun,46.74848991,7.62589402,07:00 - 19:00,Coop Supermarkt Thun Frutigenstrasse,3604,1841.0,,,Thun
Thusis,46.69791661,9.439965,08:00 - 20:00,Coop Supermarkt Thusis,7430,1846.0,,,Thusis
Toffen,46.86032568,7.49371292,08:00 - 19:00,Coop Supermarkt Toffen,3125,1849.0,,,Toffen
Tramelan,47.22353597,7.09919061,07:30 - 19:00,Coop Supermarché Tramelan,2720,1855.0,,,Tramelan
Treyvaux,46.72732796,7.13694481,07:00 - 18:30,Coop Supermarché Treyvaux,1733,1862.0,,,Treyvaux
Triengen,47.23770058,8.07447634,07:30 - 19:00,Coop Supermarkt Triengen,6234,1863.0,,,Triengen
Trimbach,47.36153212,7.9002339,07:30 - 18:30,Coop Supermarkt Trimbach,4632,1865.0,,,Trimbach
Trübbach,47.07419488,9.48093882,07:30 - 19:00,Coop Supermarkt Trübbach,9477,,,,Wartau
Turbenthal,47.44008574,8.84412456,07:30 - 19:30,Coop Supermarkt Turbenthal,8488,1882.0,,,Turbenthal
Uetendorf,46.77476003,7.57228989,08:00 - 19:00,Coop Supermarkt Uetendorf,3661,1892.0,,,Uetendorf
Uetikon,47.26261726,8.67715104,07:30 - 20:00,Coop Supermarkt Uetikon,8707,,,,Uetikon am See
Uettligen,46.98789692,7.38480423,07:00 - 19:00,Coop Supermarkt Uettligen,3043,,,,Wohlen bei Bern
Uitikon,47.36812534,8.46227613,08:00 - 20:00,Coop Supermarkt Uitikon Waldegg,8142,1896.0,,,Uitikon
Unterägeri,47.1377688,8.58114696,07:30 - 19:00,Coop Supermarkt Unterägeri Chilematt,6314,1898.0,,,Unterägeri
Unterentfelden,47.3605739,8.05199496,08:00 - 20:00,Coop Supermarkt Unterentfelden,5035,1902.0,,,Oberentfelden
Unterkulm,47.31193315,8.11436308,07:30 - 20:00,Coop Supermarkt Unterkulm,5726,1904.0,,,Unterkulm
Unterseen,46.68472699,7.84983741,08:00 - 19:00,Coop Supermarkt Unterseen,3800,1909.0,,,Unterseen
Untersiggenthal,47.50197063,8.25512259,08:00 - 19:00,Coop Supermarkt Untersiggenthal,5417,1910.0,,,Untersiggenthal
Unterwasser,47.19674857,9.31043582,07:30 - 19:00,Coop Supermarkt Unterwasser,9657,,,,Wildhaus-Alt St. Johann
Urdorf,47.38503255,8.42232589,08:00 - 20:00,Coop Supermarkt Urdorf,8902,1912.0,,,Urdorf
Urnäsch,47.31651705,9.28193397,07:30 - 19:00,Coop Supermarkt Urnäsch,9107,1914.0,,,Urnäsch
Urtenen-Schönbühl,47.01866603,7.50087146,08:00 - 19:00,Coop Supermarkt Schönbühl Center,3322,1918.0,,,Urtenen-Schönbühl
Uster,47.35158903,8.71621428,06:00 - 22:00,Coop Supermarkt Uster Bahnhof,8610,1919.0,,,Uster
Uster,47.34504996,8.73069552,07:30 - 20:00,Coop Supermarkt Uster Oberuster,8610,1919.0,,,Uster
Uster,47.35499935,8.71286753,08:00 - 20:00,Coop Supermarkt Uster Winterthurerstrasse,8610,1919.0,,,Uster
Uster,47.34612243,8.70208034,07:30 - 20:00,Coop Supermarkt Uster Niederuster,8610,1919.0,,,Uster
Utzenstorf,47.13169072,7.5567832,08:00 - 19:00,Coop Supermarkt Utzenstorf,3427,1922.0,,,Utzenstorf
Uvrier,46.25147159,7.40808736,08:30 - 18:30,Coop Supermarché Uvrier,1958,,,,Saint-Léonard
Uznach,47.2251971,8.97017386,09:00 - 19:00,Coop Supermarkt Uznach Linthpark,8730,1923.0,,,Uznach
Uzwil,47.43615894,9.13910004,08:00 - 19:00,Coop Supermarkt Uzwil,9240,1924.0,,,Uzwil
Vaduz,47.15438917,9.51030107,07:00 - 19:00,Coop Supermarkt Vaduz Mühleholz,9490,,,,Buchs (SG)
Vaduz FL,47.14019056,9.52076266,07:00 - 19:00,Coop Supermarkt Vaduz Städtlemarkt,9490,,,,Sevelen
Vallorbe,46.7119266,6.37814115,07:30 - 18:30,Coop Supermarché Vallorbe,1337,1939.0,,,Vallorbe
Verbier,46.0973949,7.22532443,08:00 - 19:00,Coop Supermarché Verbier,1936,,,,Val de Bagnes
Vernier,46.21457807,6.08285196,08:00 - 19:00,Coop Supermarché Vernier,1214,1953.0,,,Vernier
Vernier,46.22175009,6.09648987,08:30 - 19:00,Coop Supermarché Vernier Blandonnet Centre,1214,1953.0,,,Vernier
Verscio,46.18620678,8.73304986,08:00 - 19:00,Coop Supermercato Verscio,6653,,,,Terre di Pedemonte
Versoix,46.28072659,6.16660841,08:00 - 19:00,Coop Supermarché Versoix Centre,1290,1955.0,,,Versoix
Vésenaz,46.23868552,6.19744072,08:00 - 19:00,Coop Supermarché Vésenaz,1222,,,,Collonge-Bellerive
Vevey,46.46037413,6.84508853,08:00 - 18:30,Coop Supermarché Vevey,1800,1958.0,,,Vevey
Vezia,46.02126179,8.93660527,08:00 - 19:00,Coop Supermercato Vezia,6943,1963.0,,,Vezia
Vich,46.42453106,6.25500696,07:30 - 19:30,Coop Supermarché Vich,1267,1964.0,,,Vich
Viganello,46.00952126,8.96467754,08:00 - 19:00,Coop Supermercato Lugano Viganello,6962,,,,Lugano
Villars sur Ollon,46.29896751,7.05438304,08:00 - 19:00,Coop Supermarché Villars sur Ollon,1884,,,,Ollon
Villars-sur-Glâne,46.79796201,7.12399911,08:00 - 19:00,Coop Supermarché Villars-sur-Glâne,1752,1971.0,,,Villars-sur-Glâne
Villeneuve,46.39828198,6.92540909,08:00 - 19:00,Coop Supermarché Villeneuve,1844,,,,Villeneuve (VD)
Villmergen,47.34698201,8.24516576,08:00 - 20:00,Coop Supermarkt Villmergen,5612,1978.0,,,Villmergen
Visp,46.29237453,7.87970241,08:00 - 18:30,Coop Supermarkt Visp Centerpark,3930,1985.0,,,Visp
Visp Eyholz,46.29627224,7.91461964,08:00 - 18:30,Coop Supermarkt Eyholz Center,3930,,,,Lalden
Volketswil,47.38251221,8.66763434,09:00 - 20:00,Coop Supermarkt Volketswil Volkiland,8604,1989.0,,,Schwerzenbach
Vouvry,46.3336888,6.89043385,07:30 - 18:30,Coop Supermarché Vouvry,1896,1992.0,,,Vouvry
Vuadens,46.61808645,7.01816451,07:30 - 19:00,Coop Supermarché Vuadens,1628,1993.0,,,Vuadens
Wabern,46.92854077,7.45045086,08:00 - 20:00,Coop Supermarkt Wabern,3084,,,,Bern
Wädenswil,47.23034678,8.6723885,07:00 - 20:00,Coop Supermarkt Wädenswil,8820,2005.0,,,Wädenswil
Wädenswil,47.23108584,8.66973782,08:00 - 19:00,Coop Supermarkt Wädenswil di alt Fabrik,8820,2005.0,,,Wädenswil
Wald ZH,47.27363833,8.91460743,07:30 - 20:00,Coop Supermarkt Wald ZH,8636,,,,Wald (ZH)
Waldstatt,47.35746202,9.28472718,07:30 - 19:00,Coop Supermarkt Waldstatt,9104,2015.0,,,Waldstatt
Walenstadt,47.12344248,9.3145561,07:30 - 19:00,Coop Supermarkt Walenstadt,8880,2016.0,,,Walenstadt
Wallisellen,47.41304959,8.59273868,06:30 - 21:00,Coop Supermarkt Wallisellen Bahnhofplatz,8304,2019.0,,,Wallisellen
Wallisellen,47.40948863,8.59622588,07:00 - 21:00,Coop Supermarkt Wallisellen Richti-Shopping,8304,2019.0,,,Wallisellen
Wangen an der Aare,47.23435626,7.65615897,08:00 - 19:00,Coop Supermarkt Wangen an der Aare,3380,2028.0,,,Wangen an der Aare
Wangen bei Olten,47.3433862,7.87108314,07:30 - 18:30,Coop Supermarkt Wangen bei Olten,4612,2029.0,,,Wangen bei Olten
Wängi,47.49783976,8.95361812,07:30 - 19:00,Coop Supermarkt Wängi,9545,2032.0,,,Wängi
Wattenwil,46.76923931,7.50916043,07:30 - 18:30,Coop Supermarkt Wattenwil,3665,2037.0,,,Wattenwil
Wattwil,47.30320385,9.08631061,07:30 - 19:00,Coop Supermarkt Wattwil,9630,2038.0,,,Wattwil
Wauwil,47.18416951,8.02047046,07:00 - 19:00,Coop Supermarkt Wauwil,6242,2039.0,,,Wauwil
Weggis,47.03539832,8.42363614,07:30 - 19:00,Coop Supermarkt Weggis,6353,2042.0,,,Weggis
Weinfelden,47.56631082,9.09695006,08:00 - 20:00,Coop Supermarkt Weinfelden Thurmarkt,8570,2044.0,,,Weinfelden
Wengen,46.60497543,7.92208887,08:00 - 18:30,Coop Supermarkt Wengen,3823,,,,Lauterbrunnen
Wettingen,47.45874956,8.32977671,08:00 - 20:00,Coop Supermarkt Wettingen Tägipark,5430,2051.0,,,Neuenhof
Wetzikon (ZH),47.3262345,8.79774146,07:30 - 20:00,Coop Supermarkt Wetzikon,8620,2053.0,,,Wetzikon (ZH)
Wichtrach,46.84925507,7.57634278,08:00 - 19:00,Coop Supermarkt Wichtrach,3114,2054.0,,,Wichtrach
Wiedlisbach,47.25285632,7.64748911,08:00 - 19:00,Coop Supermarkt Wiedlisbach,4537,2057.0,,,Wiedlisbach
Wiesendangen,47.52300103,8.7877153,07:30 - 19:00,Coop Supermarkt Wiesendangen,8542,2058.0,,,Wiesendangen
Wil,47.46462089,9.04547725,08:00 - 20:00,Coop Supermarkt Wil Stadtmarkt,9500,,,,Wil (SG)
Willisau,47.1273723,7.99725098,07:30 - 19:00,Coop Supermarkt Willisau,6130,2075.0,,,Willisau
Wimmis,46.67563156,7.63800495,08:00 - 18:30,Coop Supermarkt Wimmis,3752,2076.0,,,Wimmis
Windisch,47.47444776,8.21325647,08:00 - 19:00,Coop Supermarkt Windisch Hauserstrasse,5200,2077.0,,,Windisch
Windisch,47.48155682,8.21139627,06:30 - 20:00,Coop Supermarkt Brugg Campus,5210,2077.0,,,Windisch
Windisch,47.48123598,8.21095377,06:00 - 19:00,Coop Supermarkt Windisch Bahnhof,5210,2077.0,,,Windisch
Winterthur,47.48459244,8.75882087,07:30 - 20:00,Coop Supermarkt Winterthur Seen,8405,2080.0,,,Zell (ZH)
Winterthur,47.50846621,8.71790154,07:30 - 20:00,Coop Supermarkt Winterthur Feldstrasse,8400,2080.0,,,Winterthur
Winterthur,47.5005697,8.72591426,08:30 - 20:00,Coop Supermarkt Winterthur Stadtgarten,8400,2080.0,,,Winterthur
Winterthur,47.51023823,8.69159164,07:30 - 20:00,Coop Supermarkt Winterthur Wülflingen,8408,2080.0,,,Neftenbach
Winterthur,47.49492365,8.75840051,08:00 - 20:00,Coop Supermarkt Winterthur Grüzemarkt,8404,2080.0,,,Winterthur
Winterthur,47.50029448,8.72396969,06:00 - 22:00,Coop Supermarkt Winterthur Stadttor,8400,2080.0,,,Winterthur
Winterthur,47.50905335,8.75853902,07:30 - 20:00,Coop Supermarkt Winterthur Oberi,8404,2080.0,,,Winterthur
Winterthur,47.5039842,8.77074526,07:30 - 20:00,Coop Supermarkt Winterthur Hegi,8409,2080.0,,,Wiesendangen
Winterthur,47.49493455,8.71247918,08:00 - 20:00,Coop Supermarkt Winterthur Lokwerk,8406,2080.0,,,Winterthur
Wohlen,47.35025602,8.27050802,08:00 - 20:00,Coop Supermarkt Wohlen,5610,,,,Wohlen (AG)
Wolhusen,47.05806513,8.07333462,08:00 - 19:00,Coop Supermarkt Wolhusen,6110,2094.0,,,Wolhusen
Wollerau,47.19515864,8.72308722,07:00 - 20:00,Coop Supermarkt Wollerau,8832,2095.0,,,Wollerau
Worb,46.92892565,7.56144625,08:00 - 19:00,Coop Supermarkt Worb,3076,2096.0,,,Worb
Worblaufen,46.97907525,7.45761164,06:00 - 20:00,Coop Supermarkt Worblaufen,3048,,,,Bremgarten bei Bern
Würenlingen,47.52479253,8.24439916,09:00 - 20:00,Coop Supermarkt Würenlingen Aarepark,5303,2100.0,,,Würenlingen
Würenlos,47.44316724,8.36231771,07:30 - 20:00,Coop Supermarkt Würenlos,5436,2101.0,,,Würenlos
Würenlos,47.43454515,8.35504928,08:30 - 21:00,Coop Supermarkt Würenlos Autobahnraststätte,5436,2101.0,,,Killwangen
Yverdon,46.78034551,6.63621505,08:00 - 18:30,Coop Supermarché Yverdon Bel-Air,1400,,,,Yverdon-les-Bains
Yvonand,46.79992441,6.74543735,07:30 - 18:30,Coop Supermarché Yvonand,1462,2107.0,,,Yvonand
Zermatt,46.02334317,7.74897741,08:00 - 20:00,Coop Supermarkt Zermatt,3920,2116.0,,,Zermatt
Zernez,46.70041687,10.09405322,08:00 - 12:30 14:00 - 18:30,Coop Supermarkt Zernez,7530,2117.0,,,Zernez
Zizers,46.9408341,9.56786323,07:30 - 19:30,Coop Supermarkt Zizers,7205,2123.0,,,Zizers
Zofingen,47.29224035,7.9426284,07:30 - 20:00,Coop Supermarkt Zofingen,4800,2124.0,,,Zofingen
Zollikerberg,47.34612333,8.60186438,07:00 - 20:00,Coop Supermarkt Zollikerberg,8125,,,,Zumikon
Zollikerberg,47.34701227,8.59665588,Closed,Coop Supermarkt Zollikerberg Neumünster,8125,,,,Zollikon
Zollikofen,46.99713733,7.45855123,07:00 - 19:00,Coop Supermarkt Zollikofen,3052,2125.0,,,Zollikofen
Zollikon,47.3369115,8.57668003,07:00 - 21:00,Coop Supermarkt Zollikon,8702,2126.0,,,Zollikon
Zuchwil,47.20334121,7.55895976,07:00 - 18:30,Coop Supermarkt Zuchwil,4528,2127.0,,,Zuchwil
Zug,47.17101974,8.51654607,07:30 - 19:00,Coop Supermarkt Zug Neustadt,6300,2129.0,,,Zug
Zug,47.17416839,8.51556732,06:00 - 22:00,Coop Supermarkt Zug Bahnhof,6300,2129.0,,,Zug
Zumikon,47.33680935,8.6182018,07:30 - 20:00,Coop Supermarkt Zumikon Morgental,8126,2131.0,,,Zumikon
Zuoz,46.59994428,9.96062741,08:00 - 19:00,Coop Supermarkt Zuoz,7524,2133.0,,,Zuoz
Zürich,47.3938019,8.52959845,07:00 - 21:00,Coop Supermarkt Zürich Scheffelstrasse,8037,2134.0,,,Zürich
Zürich,47.38976222,8.47200362,07:30 - 20:00,Coop Supermarkt Zürich Suteracher,8048,2134.0,,,Oberengstringen
Zürich,47.40770951,8.54929478,07:00 - 20:00,Coop Supermarkt Zürich Dorflinde,8050,2134.0,,,Opfikon
Zürich,47.3926251,8.52465998,07:30 - 20:00,Coop Supermarkt Zürich Wipkingerbrücke,8037,2134.0,,,Zürich
Zürich,47.35337391,8.55909607,07:30 - 21:00,Coop Supermarkt Zürich Tiefenbrunnen,8008,2134.0,,,Zollikon
Zürich,47.39572256,8.54047389,07:30 - 21:00,Coop Supermarkt Zürich Milchbuck,8057,2134.0,,,Zürich
Zürich,47.37002848,8.53710902,07:00 - 20:00,Coop Supermarkt Zürich Bärengasse,8001,2134.0,,,Zürich
Zürich,47.32626614,8.51425939,07:30 - 20:00,Coop Supermarkt Zürich Leimbach,8041,2134.0,,,Adliswil
Zürich,47.37582134,8.51707394,07:00 - 22:00,Coop Supermarkt Zürich Lochergut,8004,2134.0,,,Zürich
Zürich,47.41887026,8.50560779,08:00 - 20:00,Coop Supermarkt Zürich Wehntalerstrasse,8046,2134.0,,,Regensdorf
Zürich,47.37344718,8.53041304,07:00 - 21:00,Coop Supermarkt Zürich Stauffacher,8004,2134.0,,,Zürich
Zürich,47.36016255,8.5949426,07:30 - 20:00,Coop Supermarkt Zürich Witikonerstrasse,8053,2134.0,,,Zollikon
Zürich,47.41125225,8.54474408,06:00 - 22:00,Coop Supermarkt Zürich Hofwiesenstrasse,8050,2134.0,,,Opfikon
Zürich,47.36660644,8.54786884,06:00 - 22:00,Coop Supermarkt Zürich Stadelhofen,8001,2134.0,,,Zürich
Zürich,47.36435252,8.55493151,07:30 - 21:00,Coop Supermarkt Zürich Kreuzplatz,8008,2134.0,,,Zürich
Zürich,47.38471184,8.52726667,07:00 - 21:00,Coop Supermarkt Zürich Josefstrasse,8005,2134.0,,,Zürich
Zürich,47.37640455,8.55972604,07:30 - 21:00,Coop Supermarkt Zürich Fluntern,8044,2134.0,,,Zürich
Zürich,47.37711839,8.52647584,07:00 - 22:00,Coop Supermarkt Zürich Hohlstrasse,8004,2134.0,,,Zürich
Zürich,47.41378276,8.4795595,08:00 - 20:00,Coop Supermarkt Zürich Rütihof,8049,2134.0,,,Oberengstringen
Zürich,47.36782128,8.56084309,07:00 - 21:00,Coop Supermarkt Zürich Römerhof,8032,2134.0,,,Zürich
Zürich,47.364954,8.52105088,Closed,Coop Supermarkt Zürich Manessehof,8045,2134.0,,,Zürich
Zürich,47.38251785,8.54797484,07:30 - 21:00,Coop Supermarkt Zürich Universitätstrasse,8006,2134.0,,,Zürich
Zürich,47.42495489,8.53780528,07:30 - 20:00,Coop Supermarkt Zürich Schwellistrasse,8052,2134.0,,,Rümlang
Zürich,47.37670896,8.54213318,06:00 - 22:00,Coop Supermarkt Zürich Bahnhofbrücke,8001,2134.0,,,Zürich
Zürich,47.40269234,8.49831488,08:00 - 20:00,Coop Supermarkt Zürich Hönggermarkt,8049,2134.0,,,Oberengstringen
Zürich,47.38748375,8.48923087,07:30 - 20:00,Coop Supermarkt Zürich Altstetten,8048,2134.0,,,Oberengstringen
Zürich,47.41108811,8.56268255,08:00 - 20:00,Coop Supermarkt Zürich Precisa,8050,2134.0,,,Opfikon
Zürich,47.34017159,8.53067127,07:30 - 21:00,Coop Supermarkt Zürich Wollishofen,8038,2134.0,,,Kilchberg (ZH)
Zürich,47.3707316,8.51595137,07:30 - 21:00,Coop Supermarkt Zürich Wiedikon,8003,2134.0,,,Zürich
Zürich,47.38636204,8.49878459,09:00 - 20:00,Coop Supermarkt Zürich Letzipark,8048,2134.0,,,Oberengstringen
Zürich,47.41292118,8.54047205,07:30 - 21:00,Coop Supermarkt Zürich Eleven,8050,2134.0,,,Rümlang
Zürich,47.4048558,8.57175939,06:30 - 21:00,Coop Supermarkt Zürich Schwamendingen,8051,2134.0,,,Wallisellen
Zürich,47.370503,8.4919941,07:30 - 20:00,Coop Supermarkt Zürich Triemli,8047,2134.0,,,Wettswil am Albis
Zürich,47.35810529,8.55446969,07:00 - 22:00,Coop Supermarkt Zürich Seefeld,8008,2134.0,,,Zürich
Zürich,47.37769327,8.51117918,07:00 - 22:00,Coop Supermarkt Zürich Albisriederplatz,8003,2134.0,,,Zürich
Zürich,47.35807052,8.52320123,09:00 - 21:00,Coop Supermarkt Zürich Sihlcity Supermarkt,8045,2134.0,,,Zürich
Zürich,47.37589051,8.48710841,08:00 - 20:00,Coop Supermarkt Zürich A-Park,8047,2134.0,,,Uitikon
Zürich,47.3912338,8.50795501,06:30 - 21:00,Coop Supermarkt Zürich Hard Turm Park,8005,2134.0,,,Zürich
Zürich,47.37369999,8.50237262,07:30 - 20:00,Coop Supermarkt Zürich Gutstrasse,8047,2134.0,,,Zürich
Zürich,47.42548073,8.49689962,08:00 - 20:00,Coop Supermarkt Zürich Mühlackerstrasse,8046,2134.0,,,Regensdorf
Zürich,47.3780996,8.53495795,06:30 - 21:00,Coop Supermarkt Zürich Europaallee Passage,8001,2134.0,,,Zürich
Zürich,47.40352301,8.58920665,07:30 - 20:00,Coop Supermarkt Zürich Hirzenbachstrasse,8051,2134.0,,,Wallisellen
Zürich,47.40838721,8.50796829,07:00 - 20:00,Coop Supermarkt Zürich ETH Hönggerberg,8049,2134.0,,,Oberengstringen
Zürich,47.3876004,8.48529942,07:00 - 21:00,Coop Supermarkt Zürich Lindenplatz,8048,2134.0,,,Oberengstringen
Zürich,47.40641525,8.48162814,06:30 - 21:00,Coop Supermarkt Zürich Bombach,8049,2134.0,,,Oberengstringen
Zürich,47.39216294,8.49002524,06:00 - 22:00,Coop Supermarkt Zürich Westlink,8048,2134.0,,,Oberengstringen
Zürich,47.34712872,8.53311665,07:00 - 21:00,Coop Supermarkt Zürich Wollishofen Seestr.,8038,2134.0,,,Zürich
Zürich,47.37009951,8.51428351,07:30 - 20:00,Coop Supermarkt Zürich Zentrum Friesenberg,8045,2134.0,,,Zürich
Zürich,47.37777888,8.54030136,06:00 - 22:00,Coop Supermarkt Zürich ShopVille HB,8021,2134.0,,,Zürich
Zürich,47.36777486,8.53572531,07:00 - 20:00,Coop Supermarkt Zürich Bleicherweg,8002,2134.0,,,Zürich
Zürich,47.38585248,8.51690623,06:00 - 20:00,Coop Supermarkt Zürich Maagplatz,8005,2134.0,,,Zürich
Zürich,47.38401936,8.54804585,07:30 - 21:00,Coop Supermarkt Zürich Rigiplatz,8006,2134.0,,,Zürich
Zürich,47.38048089,8.53426534,07:00 - 21:00,Coop Supermarkt Zürich Zollstrasse,8005,2134.0,,,Zürich
Zürich,47.36308638,8.55004626,07:00 - 21:00,Coop Supermarkt Zürich Brotgasse,8008,2134.0,,,Zürich
Zürich,47.390513,8.51775561,07:00 - 20:00,Coop Supermarkt Zürich Puls 5,8005,2134.0,,,Zürich
Zürich,47.38744666,8.51668685,07:00 - 21:00,Coop Supermarkt Pfingstweidstrasse Prime 2,8005,2134.0,,,Zürich
Zürich,47.36442878,8.53096968,05:30 - 22:00,Coop Supermarkt Zürich Enge Bahnhof,8002,2134.0,,,Zürich
Zürich,47.41254952,8.5464142,06:30 - 20:00,Coop Supermarkt Zürich Andreasturm,8050,2134.0,,,Opfikon
Zürich,47.39329024,8.48474897,07:00 - 21:00,Coop Supermarkt Zürich Vulkanstrasse,8048,2134.0,,,Oberengstringen
Zürich Airport Shopping,47.45072066,8.56263163,06:00 - 23:00,Coop Supermarkt Zürich Airport Shopping,8060,,,,Kloten
Zuzwil,47.47316899,9.11255345,08:00 - 19:00,Coop Supermarkt Zuzwil Herbergmarkt,9524,,,,Zuzwil (SG)
Zweisimmen,46.55588701,7.37352637,08:00 - 19:00,Coop Supermarkt Zweisimmen,3770,2139.0,,,Zweisimmen
