Gemeinde,lat,long,name,GMDNAME
Aadorf,47.4902344,8.8995867,Denner Satellit,Aadorf
Aarau,47.3978954,8.0582168,Denner Filiale,Buchs (AG)
Aarau,47.3915253,8.0444202,Denner Filiale,Aarau
Aarberg,47.0509224,7.2840462,Denner Satellit,Aarberg
Aarburg,47.3323326,7.9055176,Denner Filiale,Aarburg
Aarwangen,47.23879,7.77041,Denner Partner,Aarwangen
Abtwil (SG),47.4173203,9.3159676,Denner Filiale,Gaiserwald
Adliswil,47.3123016,8.5242958,Denner Filiale,Adliswil
Adliswil,47.31528,8.53026,Denner Filiale,Adliswil
Adliswil,47.320401,8.521865,Denner Express,Adliswil
Aesch (BL),47.47106,7.59709,Denner Express,Aesch (BL)
Aeschi bei Spiez,46.6585312,7.6968794,Denner Satellit,Aeschi bei Spiez
Affoltern am Albis,47.27612,8.45027,Denner Filiale,Affoltern am Albis
Affoltern am Albis,47.2771149,8.4549284,Denner Filiale,Affoltern am Albis
Agno,45.9980087,8.9008131,Denner Partner,Agno
Aigle,46.3171883,6.9370742,Denner Filiale,Yvorne
Aigle,46.315611,6.965225,Denner Filiale,Aigle
Airolo,46.52785,8.60763,Denner Satellit,Airolo
Alle,47.4243317,7.1275897,Denner Partner,Alle
Allschwil,47.5474625,7.5535655,Denner Filiale,Allschwil
Allschwil,47.5510826,7.5503316,Denner Filiale,Allschwil
Altdorf (UR),46.87329,8.65088,Denner Filiale,Schattdorf
Altendorf,47.192177,8.829789,Denner Express,Altendorf
Alterswil (FR),46.79493,7.25993,Denner Partner,Rechthalten
Altstätten (SG),47.377182,9.5376997,Denner Filiale,Altstätten
Amriswil,47.54674,9.29799,Denner Filiale,Amriswil
Amriswil,47.5438347,9.2859087,Denner Filiale,Amriswil
Appenzell,47.332715,9.414436,Denner Satellit,Appenzell
Arbon,47.516098,9.4335985,Denner Filiale,Arbon
Arlesheim,47.491854,7.610246,Denner Filiale,Arlesheim
Arosa,46.78249,9.67983,Denner Express,Arosa
Arzier,46.45963,6.20732,Denner Express,Arzier-Le Muids
Assens,46.62769,6.63311,Denner Filiale,Echallens
Au (SG),47.43131,9.63784,Denner Bibite,Au (SG)
Aubonne,46.487724299999996,6.4008408,Denner Partner,Lavigny
Avry-Centre (FR),46.7877426,7.0785651,Denner Filiale,Avry
Ayent,46.2762624,7.4049402,Denner Satellit,Ayent
Baar,47.1960869,8.5299187,Denner Filiale,Baar
Bad Zurzach,47.588356,8.2933178,Denner Filiale,Zurzach
Baden,47.48317,8.28612,Denner Filiale,Obersiggenthal
Balsthal,47.308147,7.688735,Denner Satellit,Balsthal
Basel,47.53943,7.60401,Denner Express,Birsfelden
Basel,47.5492516,7.60745,Denner Filiale,Birsfelden
Basel,47.58054,7.59111,Denner Express,Basel
Basel,47.556324,7.5835977,Denner Filiale,Basel
Basel,47.5564003,7.5728359,Denner Express,Basel
Basel,47.5400887,7.5984688,Denner Filiale,Basel
Basel,47.5666313,7.590323,Denner Filiale,Basel
Basel,47.5615616,7.5736594,Denner Filiale,Basel
Basel,47.5671387,7.5949221,Denner Express,Basel
Basel,47.5435448,7.5921831,Denner Filiale,Basel
Basel,47.5621223,7.5932331,Denner Filiale,Basel
Basel,47.5605807,7.5980874,Denner Filiale,Basel
Basel,47.5485611,7.5865655,Denner Filiale,Basel
Basel,47.5687332,7.5694118,Denner Satellit,Basel
Basel,47.568549,7.579107,Denner Satellit,Basel
Basel,47.57928,7.59532,Denner Filiale,Basel
Basel,47.55275,7.59283,Denner Express,Basel
Bassecourt,47.334962,7.244131,Denner Partner,Haute-Sorne
Bassersdorf,47.44431,8.62662,Denner Filiale,Bassersdorf
Bauma,47.36816,8.87987,Denner Express,Bauma
Bazenheid,47.4123993,9.0684996,Denner Partner,Lütisburg
Beckenried,46.97021,8.46601,Denner Partner,Beckenried
Belfaux,46.8238257,7.0987289,Denner Filiale,Belfaux
Bellach,47.2110825,7.5023179,Denner Filiale,Bellach
Bellinzona,46.2015038,9.0338707,Denner Filiale,Bellinzona
Bellinzona,46.19371,9.01756,Denner Express,Bellinzona
Belmont-sur-Lausanne,46.5235443,6.678699,Denner Satellit,Belmont-sur-Lausanne
Belp,46.8907013,7.4986639,Denner Filiale,Belp
Belp,46.89641,7.49306,Denner Filiale,Belp
Berg (TG),47.5814899,9.1687778,Denner Satellit,Berg (TG)
Berikon,47.3638458,8.3662395,Denner Filiale,Widen
Bern,46.9438764,7.373184,Denner Filiale,Wohlen bei Bern
Bern,46.9613113,7.4529667,Denner Filiale,Bern
Bern,46.9451447,7.4268112,Denner Filiale,Bern
Bern,46.94358,7.40651,Denner Filiale,Köniz
Bern,46.9393349,7.4811845,Denner Filiale,Muri bei Bern
Bern,46.9580078,7.4443865,Denner Filiale,Bern
Bern,46.9392357,7.3900661,Denner Filiale,Köniz
Bern,46.9555099,7.43364,Denner Bibite,Bern
Bern,46.9366455,7.4327493,Denner Filiale,Bern
Bern,46.9482574,7.444911,Denner Filiale,Bern
Bern,46.9473038,7.3896251,Denner Filiale,Köniz
Bern,46.9479752,7.3828859,Denner Filiale,Wohlen bei Bern
Bern,46.9372628,7.38643,Denner Filiale,Köniz
Bern,46.94752,7.44338,Denner Express,Bern
Bern,46.94384,7.42109,Denner Express,Köniz
Bern,46.94794,7.43636,Denner Express,Bern
Bex,46.24972,7.0157,Denner Partner,Bex
Biasca,46.3532143,8.9717321,Denner Filiale,Biasca
Biberist,47.1843987,7.5626001,Denner Filiale,Biberist
Biel/Bienne,47.1349983,7.2441654,Denner Filiale,Biel/Bienne
Biel/Bienne,47.1318817,7.2526388,Denner Filiale,Biel/Bienne
Biel/Bienne,47.1358261,7.2480378,Denner Filiale,Biel/Bienne
Biel/Bienne,47.1462708,7.272325,Denner Filiale,Brügg
Biel/Bienne,47.15047,7.26302,Denner Filiale,Biel/Bienne
Biel/Bienne,47.15561,7.28132,Denner Filiale,Orpund
Bilten,47.1506996,9.0204,Denner Partner,Schänis
Binningen,47.5305214,7.5699825,Denner Filiale,Binningen
Birmensdorf (ZH),47.3596857,8.4540512,Denner Filiale,Uitikon
Birsfelden,47.5509987,7.6243,Denner Filiale,Birsfelden
Birsfelden,47.55449,7.61969,Denner Partner,Birsfelden
Bossonnens,46.52649,6.85246,Denner Partner,Bossonnens
Boudry,46.95476,6.84826,Denner Partner,Boudry
Bouveret,46.3843363,6.8534783,Denner Satellit,Port-Valais
Bözberg,47.49788,8.15731,Denner Express,Bözberg
Breganzona,46.0122299,8.9351149,Denner Filiale,Massagno
Breitenbach,47.408778,7.543369,Denner Filiale,Breitenbach
Bremgarten,46.9748917,7.4373045,Denner Filiale,Bremgarten bei Bern
Bremgarten (AG),47.3526993,8.3496199,Denner Filiale,Bremgarten (AG)
Bremgarten (AG),47.3501396,8.3457117,Denner Filiale,Bremgarten (AG)
Bremgarten (AG),47.3465309,8.3402634,Denner Satellit,Bremgarten (AG)
Brig,46.3184204,7.9852633,Denner Filiale,Brig-Glis
Broc,46.6024857,7.1050053,Denner Express,Broc
Brugg (AG),47.4811821,8.2087812,Denner Filiale,Brugg
Brügg (BE),47.1196632,7.2669926,Denner Filiale,Port
Brunnen,46.9999161,8.6089859,Denner Filiale,Ingenbohl
Brüttisellen,47.42381,8.63013,Denner Partner,Dietlikon
Bubendorf,47.4568596,7.7432175,Denner Filiale,Bubendorf
Buchs (AG),47.3847466,8.0890141,Denner Filiale,Suhr
Buchs (SG),47.1637054,9.4741914,Denner Filiale,Buchs (SG)
Buchs (SG),47.1669273,9.4764357,Denner Filiale,Buchs (SG)
Buchs (ZH),47.45675,8.43893,Denner Partner,Buchs (ZH)
Bühler,47.37381,9.41731,Denner Partner,Bühler
Bülach,47.509613,8.539238,Denner Filiale,Bülach
Bülach,47.5209742,8.5399111,Denner Filiale,Bülach
Bulle,46.621132,7.060373,Denner Filiale,Bulle
Bulle,46.623558,7.0574269,Denner Filiale,Bulle
Bulle,46.614137,7.039683,Denner Filiale,Bulle
Büren an der Aare,47.13928,7.36972,Denner Partner,Büren an der Aare
Burgdorf,47.05906,7.62094,Denner Filiale,Burgdorf
Burgdorf,47.0684547,7.6009932,Denner Filiale,Lyssach
Burgdorf,47.0531006,7.6202998,Denner Filiale,Burgdorf
Bussigny,46.5399208,6.5537305,Denner Filiale,Bussigny
Bussigny-Lausanne,46.5475349,6.5530977,Denner Express,Bussigny
Busswil bei Büren,47.09705,7.31782,Denner Satellit,Lyss
Bütschwil,47.36317,9.073,Denner Bibite,Bütschwil-Ganterschwil
Buttikon (SZ),47.17347,8.95731,Denner Partner,Reichenburg
Campascio,46.241777,10.1330404,Denner Satellit,Brusio
Carouge (GE),46.1867905,6.1383858,Denner Filiale,Carouge (GE)
Carouge (GE),46.18456,6.14664,Denner Express,Carouge (GE)
Caslano,45.97722,8.874119,Denner Partner,Caslano
Castione,46.22487,9.04434,Denner Filiale,Arbedo-Castione
Cernier,47.0581155,6.9005194,Denner Filiale,Val-de-Ruz
Cham,47.1817017,8.4611998,Denner Filiale,Cham
Champagne,46.8335457,6.6552215,Denner Partner,Champagne
Champlan,46.24539,7.37015,Denner Express,Sion
Châtel-Saint-Denis,46.5322418,6.89639,Denner Partner,Châtel-Saint-Denis
Châtelaine,46.210871,6.112107,Denner Filiale,Lancy
Chavannes-Renens,46.53331,6.57851,Denner Filiale,Renens (VD)
Chavannes-Renens,46.5282782,6.5674249,Denner Filiale,Ecublens (VD)
Chavornay,46.7092972,6.5705862,Denner Partner,Chavornay
Chernex,46.4442177,6.9113774,Denner Express,Montreux
Chiasso,45.8348194,9.0197138,Denner Satellit,Chiasso
Chiasso,45.83511,9.0316,Denner Express,Chiasso
Chur,46.8515396,9.5275536,Denner Filiale,Chur
Chur,46.8599014,9.5169897,Denner Filiale,Chur
Chur,46.8469532,9.5211956,Denner Filiale,Chur
Chur,46.85067,9.51317,Denner Filiale,Chur
Chur,46.8492851,9.531621,Denner Express,Chur
Chur,46.861762,9.534892,Denner Filiale,Chur
Clarens,46.4414482,6.8942809,Denner Filiale,Montreux
Claro,46.25226,9.02015,Denner Satellit,Arbedo-Castione
Coldrerio,45.854988,8.99239,Denner Partner,Coldrerio
Collombey,46.2665,6.9552,Denner Filiale,Monthey
Conthey,46.2226334,7.2992821,Denner Filiale,Conthey
Conthey,46.22363,7.30192,Denner Bibite,Conthey
Corcelles-Payerne,46.83218,6.96325,Denner Express,Corcelles-près-Payerne
Corgémont,47.1945953,7.1445813,Denner Satellit,Corgémont
Corsier-sur-Vevey,46.4678612,6.8378625,Denner Filiale,Corsier-sur-Vevey
Cortaillod,46.9445,6.84296,Denner Express,Cortaillod
Cossonay-Ville,46.6135,6.50651,Denner Express,Cossonay
Cottens (FR),46.75307,7.03312,Denner Partner,Cottens (FR)
Courrendlin,47.3442,7.36825,Denner Partner,Courrendlin
Courroux,47.3617439,7.3729949,Denner Satellit,Courroux
Courtelary,47.17601,7.06709,Denner Satellit,Courtelary
Courtepin,46.8650513,7.1252737,Denner Satellit,Courtepin
Cousset,46.820507,6.9782872,Denner Partner,Montagny (FR)
Couvet,46.924,6.63148,Denner Express,Val-de-Travers
Crans-Montana,46.31266,7.48069,Denner Express,Crans-Montana
Crissier,46.5541191,6.5690165,Denner Filiale,Crissier
Cudrefin,46.9594536,7.0274453,Denner Satellit,Cudrefin
Cugy (VD),46.58543,6.64021,Denner Filiale,Cugy (VD)
Dagmersellen,47.2151947,7.9866214,Denner Satellit,Dagmersellen
Davos,46.80201,9.83512,Denner Filiale,Davos
Deitingen,47.21274,7.61894,Denner Partner,Deitingen
Delémont,47.3638687,7.345583,Denner Express,Delémont
Delémont,47.36505,7.34771,Denner Filiale,Delémont
Derendingen,47.198484,7.583772,Denner Partner,Derendingen
Dielsdorf,47.48077,8.465,Denner Filiale,Dielsdorf
Dietikon,47.395819,8.414943,Denner Satellit,Urdorf
Dietikon,47.4055836,8.4024344,Denner Filiale,Dietikon
Dietikon,47.4058762,8.3974047,Denner Filiale,Dietikon
Domat/Ems,46.83658,9.46494,Denner Filiale,Domat/Ems
Domdidier,46.8664131,7.012682,Denner Partner,Belmont-Broye
Dornach,47.4800038,7.6156291,Denner Satellit,Dornach
Dottikon,47.38221,8.239703,Denner Partner,Dottikon
Döttingen,47.5733355,8.2558427,Denner Filiale,Döttingen
Dübendorf,47.3984028,8.6180968,Denner Filiale,Dübendorf
Dübendorf,47.3962288,8.6133852,Denner Filiale,Dübendorf
Dübendorf,47.39807,8.62141,Denner Express,Dübendorf
Düdingen,46.846199,7.1918001,Denner Filiale,Düdingen
Dulliken,47.35343,7.94697,Denner Express,Dulliken
Ebikon,47.0812912,8.3410044,Denner Filiale,Ebikon
Ebikon,47.09356,8.35887,Denner Filiale,Buchrain
Echallens,46.6390305,6.6357865,Denner Express,Echallens
Ecublens (VD),46.53485,6.56379,Denner Filiale,Ecublens (VD)
Ecublens (VD),46.52288,6.5640392,Denner Express,Ecublens (VD)
Effretikon,47.4239082,8.6911373,Denner Filiale,Illnau-Effretikon
Effretikon,47.4285622,8.6859837,Denner Filiale,Illnau-Effretikon
Egerkingen,47.3169022,7.8035922,Denner Filiale,Egerkingen
Egg bei Zürich,47.30266,8.6906,Denner Filiale,Egg
Eglisau,47.57914,8.51391,Denner Filiale,Eglisau
Eglisau,47.5686493,8.5233297,Denner Filiale,Eglisau
Einsiedeln,47.13108,8.74361,Denner Filiale,Einsiedeln
Einsiedeln,47.1287098,8.7459472,Denner Filiale,Einsiedeln
Elgg,47.49795,8.86206,Denner Partner,Elgg
Embrach,47.5125008,8.5933981,Denner Filiale,Embrach
Emmenbrücke,47.0776901,8.2749586,Denner Filiale,Emmen
Emmenbrücke,47.0707855,8.2841597,Denner Filiale,Emmen
Emmenbrücke,47.0754509,8.2768993,Denner Filiale,Emmen
Emmenbrücke,47.07297,8.29226,Denner Bibite,Emmen
Endingen,47.53724,8.2907,Denner Partner,Endingen
Entlebuch,46.991361,8.065358,Denner Satellit,Entlebuch
Epalinges,46.5481567,6.6706338,Denner Filiale,Epalinges
Ependes (FR),46.7540932,7.1460767,Denner Partner,Bois-d'Amont
Erlenbach (ZH),47.3069916,8.5904722,Denner Filiale,Erlenbach (ZH)
Erlinsbach,47.39646,8.01425,Denner Express,Erlinsbach (AG)
Erstfeld,46.8213463,8.6505833,Denner Partner,Erstfeld
Eschen,47.2096476,9.5192614,Denner Satellit,Sennwald
Eschenbach (LU),47.22224,8.26393,Denner Partner,Hitzkirch
Eschenbach (SG),47.24038,8.92302,Denner Partner,Eschenbach (SG)
Escholzmatt,46.9164391,7.9356885,Denner Satellit,Escholzmatt-Marbach
Estavayer-le-Lac,46.8499184,6.8495197,Denner Satellit,Estavayer
Etoy,46.47393,6.42586,Denner Filiale,Buchillon
Ettingen,47.4843597,7.5473137,Denner Express,Ettingen
Faido,46.47655,8.79929,Denner Satellit,Faido
Fällanden,47.3692503,8.6441186,Denner Express,Fällanden
Farvagny,46.72314,7.06903,Denner Partner,Gibloux
Fehraltorf,47.38556,8.75117,Denner Filiale,Fehraltorf
Feldmeilen,47.277295,8.617626,Denner Filiale,Herrliberg
Fislisbach,47.4361992,8.2908001,Denner Filiale,Fislisbach
Flamatt,46.8901901,7.3155823,Denner Filiale,Neuenegg
Flawil,47.41296,9.186,Denner Filiale,Flawil
Fleurier,46.9032326,6.5887971,Denner Satellit,Val-de-Travers
Flims Dorf,46.83692,9.28682,Denner Express,Flims
Flühli (LU),46.8835716,8.0169516,Denner Satellit,Flühli
Frauenfeld,47.55739,8.89631,Denner Filiale,Frauenfeld
Frauenfeld,47.5526199,8.8841486,Denner Filiale,Frauenfeld
Frauenfeld,47.5567409,8.8813109,Denner Filiale,Frauenfeld
Frauenfeld,47.5638618,8.908164,Denner Filiale,Frauenfeld
Freienbach,47.20359,8.76604,Denner Filiale,Freienbach
Fribourg,46.79483,7.14245,Denner Satellit,Villars-sur-Glâne
Fribourg,46.8106689,7.1477065,Denner Filiale,Fribourg
Fribourg,46.7998085,7.1522465,Denner Filiale,Fribourg
Fribourg,46.8091545,7.1751242,Denner Filiale,Pierrafortscha
Fribourg,46.7966385,7.1546474,Denner Filiale,Fribourg
Fribourg,46.80005,7.14496,Denner Express,Fribourg
Fribourg,46.804714,7.153732,Denner Express,Fribourg
Frick,47.50724,8.0233,Denner Filiale,Frick
Frutigen,46.5863147,7.6473548,Denner Filiale,Frutigen
Füllinsdorf,47.5025346,7.7273124,Denner Filiale,Füllinsdorf
Fully,46.1366961,7.1192905,Denner Filiale,Fully
Gals,47.0198,7.04164,Denner Filiale,Gals
Gampel,46.310149,7.744478,Denner Partner,Steg-Hohtenn
Gansingen,47.5431595,8.1343746,Denner Satellit,Gansingen
Gebenstorf,47.48999,8.24507,Denner Filiale,Turgi
Gelterkinden,47.4651375,7.852355,Denner Filiale,Gelterkinden
Genève,46.204628,6.1231875,Denner Filiale,Lancy
Genève,46.2025146,6.1641836,Denner Express,Genève
Genève,46.21772,6.1412435,Denner Filiale,Genève
Genève,46.200662,6.1309578,Denner Filiale,Genève
Genève,46.2042809,6.1572356,Denner Filiale,Genève
Genève,46.1940536,6.1660533,Denner Express,Chêne-Bougeries
Genève,46.2082291,6.124228,Denner Filiale,Lancy
Genève,46.215168,6.1343894,Denner Filiale,Genève
Genève,46.2066452,6.1304343,Denner Express,Genève
Genève,46.2114487,6.1450276,Denner Filiale,Genève
Genève,46.21109,6.14974,Denner Filiale,Genève
Genève,46.21004,6.12896,Denner Express,Genève
Genève,46.2189674,6.1130161,Denner Filiale,Le Grand-Saconnex
Genève,46.1930313,6.1436391,Denner Filiale,Carouge (GE)
Genève,46.1927681,6.1447463,Denner Filiale,Carouge (GE)
Genève,46.200183,6.139212,Denner Express,Genève
Gerlafingen,47.170714,7.57574,Denner Partner,Gerlafingen
Geroldswil,47.42203,8.40858,Denner Express,Geroldswil
Gerolfingen,47.075353,7.201927,Denner Partner,Täuffelen
Gimel,46.50906,6.30653,Denner Express,Gimel
Giornico,46.401719,8.87735,Denner Satellit,Giornico
Giubiasco,46.1764048,9.0143171,Denner Filiale,Bellinzona
Gland,46.4201317,6.2632279,Denner Filiale,Gland
Gland,46.416,6.27932,Denner Filiale,Gland
Glarus,47.04114,9.070648,Denner Filiale,Glarus
Glattbrugg,47.4362373,8.5683584,Denner Filiale,Opfikon
Glattbrugg,47.42325,8.55869,Denner Filiale,Opfikon
Glattbrugg,47.43083,8.55917,Denner Express,Opfikon
Glis,46.3088,7.97016,Denner Filiale,Brig-Glis
Goldach,47.47341,9.4656,Denner Express,Goldach
Goldau,47.050514,8.548734,Denner Partner,Arth
Gommiswald,47.230964,9.02308,Denner Satellit,Gommiswald
Gossau (SG),47.416008,9.2670383,Denner Filiale,Gossau (SG)
Gossau (ZH),47.305868,8.759003,Denner Filiale,Gossau (ZH)
Grabs,47.17732,9.44917,Denner Satellit,Grabs
Grächen,46.195189,7.838716,Denner Satellit,Grächen
Grancia,45.97206,8.92761,Denner Filiale,Grancia
Grand-Lancy,46.17321,6.12274,Denner Express,Plan-les-Ouates
Grand-Saconnex,46.23469,6.12398,Denner Filiale,Le Grand-Saconnex
Granges (VS),46.2568588,7.4683032,Denner Express,Grône
Granges-Marnand,46.7576,6.89937,Denner Partner,Valbroye
Granges-Paccot,46.8294704,7.1455253,Denner Filiale,Granges-Paccot
Gränichen,47.3599052,8.0982819,Denner Filiale,Gränichen
Greifensee,47.36819,8.67984,Denner Express,Greifensee
Grenchen,47.1937675,7.3966522,Denner Filiale,Grenchen
Grenchen,47.1887512,7.3856654,Denner Filiale,Grenchen
Gretzenbach,47.3582649,7.9901371,Denner Filiale,Gretzenbach
Grolley,46.83216,7.06528,Denner Partner,Grolley
Grono,46.24524,9.14088,Denner Satellit,Grono
Gstaad,46.47832,7.28245,Denner Filiale,Saanen
Gümligen,46.9327953,7.5043041,Denner Filiale,Muri bei Bern
Haag (Rheintal),47.2095985,9.4899855,Denner Filiale,Gams
Hägendorf,47.3339722,7.8422364,Denner Partner,Hägendorf
Hasle bei Burgdorf,47.0133334,7.6597719,Denner Filiale,Hasle bei Burgdorf
Heimberg,46.78205,7.60984,Denner Partner,Heimberg
Herbriggen,46.13464,7.79187,Denner Express,Randa
Herisau,47.387146,9.2766724,Denner Filiale,Herisau
Herzogenbuchsee,47.1866177,7.7039734,Denner Filiale,Herzogenbuchsee
Hilterfingen,46.73558,7.65833,Denner Bibite,Oberhofen am Thunersee
Hinterkappelen,46.9667971,7.3766506,Denner Filiale,Wohlen bei Bern
Hinwil,47.3055992,8.8235092,Denner Filiale,Hinwil
Hochdorf,47.1661453,8.291338,Denner Filiale,Hochdorf
Holderbank (AG),47.42793,8.16887,Denner Partner,Holderbank (AG)
Holderbank (SO),47.3328209,7.7539153,Denner Satellit,Holderbank (SO)
Hombrechtikon,47.25227,8.76823,Denner Partner,Hombrechtikon
Horgen,47.2599525,8.5980597,Denner Filiale,Horgen
Horgen,47.253504,8.619107,Denner Filiale,Horgen
Horn,47.4981012,9.452398,Denner Partner,Horn
Horw,47.0187569,8.3098154,Denner Filiale,Horw
Hünibach,46.7451134,7.6442161,Denner Express,Hilterfingen
Hunzenschwil,47.38634,8.12337,Denner Partner,Hunzenschwil
Huttwil,47.1138687,7.8479328,Denner Filiale,Huttwil
Ibach,47.0156975,8.6459961,Denner Filiale,Schwyz
Ilanz,46.77462,9.20765,Denner Express,Ilanz/Glion
im Emmental,46.9391747,7.787189,Denner Express,Langnau im Emmental
Interlaken,46.6818695,7.8521399,Denner Filiale,Interlaken
Interlaken,46.6884521,7.8767719,Denner Filiale,Matten bei Interlaken
Ittigen,46.9738503,7.4846587,Denner Filiale,Ittigen
Jona,47.2315369,8.837491,Denner Filiale,Rapperswil-Jona
Kaiseraugst,47.5349955,7.7301577,Denner Satellit,Kaiseraugst
Kallnach,47.01802,7.23357,Denner Express,Kallnach
Kappel am Albis,47.22979,8.52729,Denner Partner,Kappel am Albis
Kilchberg (ZH),47.31718,8.53908,Denner Filiale,Kilchberg (ZH)
Kirchberg (BE),47.0889999,7.58097,Denner Filiale,Kirchberg (BE)
Kirchberg (SG),47.4331512,9.0609608,Denner Filiale,Rickenbach (TG)
Kleinandelfingen,47.60506,8.68688,Denner Partner,Kleinandelfingen
Kloten,47.4510002,8.5820389,Denner Express,Kloten
Kloten,47.4529877,8.5827713,Denner Filiale,Kloten
Kölliken,47.33696,8.0244375,Denner Satellit,Kölliken
Köniz,46.92313,7.41403,Denner Filiale,Köniz
Köniz,46.92477,7.41693,Denner Filiale,Köniz
Konolfingen,46.8803139,7.6222582,Denner Filiale,Konolfingen
Konolfingen,46.8769,7.62005,Denner Filiale,Konolfingen
Kreuzlingen,47.6418037,9.1960135,Denner Filiale,Bottighofen
Kreuzlingen,47.6556,9.16319,Denner Filiale,Kreuzlingen
Kreuzlingen,47.64801,9.1755,Denner Filiale,Kreuzlingen
Kriens,47.0339493,8.2828585,Denner Filiale,Kriens
Kriens,47.0341454,8.269412,Denner Partner,Kriens
Kriens,47.0356832,8.290669,Denner Express,Kriens
Küblis,46.91365,9.77451,Denner Partner,Küblis
Küssnacht am Rigi,47.08352,8.4418,Denner Partner,Küssnacht (SZ)
La Chaux-de-Fonds,47.1046562,6.8435235,Denner Satellit,La Chaux-de-Fonds
La Chaux-de-Fonds,47.0991859,6.826045,Denner Filiale,La Chaux-de-Fonds
La Chaux-de-Fonds,47.0902672,6.8044815,Denner Filiale,La Chaux-de-Fonds
La Chaux-de-Fonds,47.1002693,6.8271852,Denner Filiale,La Chaux-de-Fonds
La Chaux-de-Fonds,47.11189,6.83482,Denner Filiale,La Chaux-de-Fonds
La Neuveville,47.061878,7.0885912,Denner Bibite,La Neuveville
La Tour-de-Peilz,46.4578781,6.856822,Denner Filiale,La Tour-de-Peilz
La Tour-de-Trême,46.60047,7.075919,Denner Filiale,Gruyères
La Tour-de-Trême,46.610626,7.063408,Denner Express,Bulle
Lachen,47.1918831,8.8558283,Denner Filiale,Lachen
Lamone,46.04316,8.92857,Denner Partner,Lamone
Lancy,46.1898232,6.1164699,Denner Express,Lancy
Landquart,46.967933,9.563202,Denner Filiale,Landquart
Langendorf,47.21866,7.51311,Denner Filiale,Langendorf
Langenthal,47.2141457,7.7840939,Denner Filiale,Langenthal
Langenthal,47.2103806,7.7911844,Denner Filiale,Langenthal
Langnau am Albis,47.2910088,8.5375652,Denner Express,Langnau am Albis
Langnau im Emmental,46.92493,7.81878,Denner Partner,Trubschachen
Laufen,47.4199867,7.5014377,Denner Express,Laufen
Laupen (BE),46.9035149,7.2400594,Denner Satellit,Laupen
Laupersdorf,47.31372,7.65113,Denner Express,Laupersdorf
Lausanne,46.5361824,6.6203022,Denner Filiale,Prilly
Lausanne,46.5180969,6.608561,Denner Filiale,Prilly
Lausanne,46.5269852,6.6512017,Denner Express,Pully
Lausanne,46.5159683,6.6265769,Denner Filiale,Lausanne
Lausanne,46.5279274,6.6169996,Denner Filiale,Prilly
Lausanne,46.5436076,6.6472566,Denner Satellit,Le Mont-sur-Lausanne
Lausanne,46.5227394,6.6270876,Denner Filiale,Lausanne
Lausanne,46.5274391,6.6327429,Denner Filiale,Lausanne
Lausanne,46.5341568,6.630321,Denner Filiale,Lausanne
Lausanne,46.5148618,6.6327179,Denner Express,Lausanne
Lausanne,46.52721,6.65175,Denner Filiale,Pully
Lausanne,46.5383,6.66633,Denner Satellit,Epalinges
Lausen,47.4721317,7.7593685,Denner Express,Lausen
Le Brassus,46.5823028,6.2122194,Denner Satellit,Le Chenit
Le Brassus,46.5824131,6.2123309,Denner Express,Le Chenit
Le Grand-Saconnex PAL,46.2306213,6.1181378,Denner Filiale,Le Grand-Saconnex
Le Locle,47.056282,6.7477398,Denner Filiale,Le Locle
Le Sentier,46.60797,6.23155,Denner Satellit,Le Chenit
Lengnau (BE),47.1796875,7.3701205,Denner Partner,Lengnau (BE)
Lenzburg,47.39036,8.17246,Denner Filiale,Lenzburg
Lenzburg,47.3880501,8.1770763,Denner Express,Lenzburg
Les Acacias,46.1920979,6.1391911,Denner Filiale,Carouge (GE)
Les Bois,47.1759201,6.904347,Denner Express,Les Bois
Les Diablerets,46.3498764,7.1585131,Denner Express,Ormont-Dessus
Les Haudères,46.0841179,7.5088329,Denner Satellit,Evolène
Leuggern,47.5806389,8.2152987,Denner Satellit,Leuggern
Leysin,46.3416867,7.0079412,Denner Satellit,Leysin
Liebefeld,46.93328,7.41926,Denner Filiale,Köniz
Liestal,47.4829369,7.7343044,Denner Satellit,Liestal
Liestal,47.485175,7.73826,Denner Filiale,Liestal
Locarno,46.1650074,8.7965591,Denner Filiale,Locarno
Lodrino,46.3012085,8.9803867,Denner Satellit,Riviera
Lohn-Ammannsegg,47.16399,7.52621,Denner Partner,Lohn-Ammannsegg
Lommis,47.5177002,8.9942999,Denner Express,Lommis
Losone,46.1652946,8.772603,Denner Filiale,Ascona
Lostorf,47.3843002,7.9487,Denner Satellit,Lostorf
Lucens,46.7085724,6.8414674,Denner Partner,Lucens
Lugano,46.0210838,8.9580622,Denner Filiale,Porza
Lumino,46.232281,9.065094,Denner Satellit,Lumino
Lupfig,47.44016,8.20649,Denner Partner,Lupfig
Lüscherz,47.04669,7.15026,Denner Satellit,Lüscherz
Luterbach,47.216923,7.586435,Denner Express,Luterbach
Luzern,47.0563583,8.3101654,Denner Filiale,Luzern
Luzern,47.03707,8.32821,Denner Filiale,Luzern
Luzern,47.0430031,8.3112516,Denner Filiale,Luzern
Luzern,47.045826,8.3006907,Denner Filiale,Luzern
Luzern,47.0641212,8.2785912,Denner Filiale,Emmen
Luzern,47.0529137,8.2826281,Denner Express,Kriens
Luzern,47.04875,8.26277,Denner Filiale,Kriens
Luzern,47.04527,8.30739,Denner Filiale,Luzern
Luzern,47.054389,8.339964,Denner Filiale,Ebikon
Luzern,47.038007,8.304172,Denner Filiale,Luzern
Lyss,47.0784999,7.30426,Denner Filiale,Lyss
Lyss,47.0755577,7.3055286,Denner Filiale,Lyss
Maggia,46.246089,8.70611,Denner Satellit,Maggia
Magliaso,45.9851189,8.8901825,Denner Filiale,Magliaso
Malters,47.038718,8.183691,Denner Filiale,Malters
Malvaglia,46.41197,8.97762,Denner Satellit,Serravalle
Männedorf,47.2531548,8.6960373,Denner Filiale,Männedorf
Marin,47.0122199,7.00879,Denner Filiale,La Tène
Marly,46.77606,7.16117,Denner Express,Marly
Martigny,46.1032677,7.0761118,Denner Express,Martigny
Martigny,46.1019745,7.072361,Denner Filiale,Martigny
Martigny,46.10674,7.08576,Denner Filiale,Martigny
Martigny,46.112169,7.0773432,Denner Filiale,Martigny
Matran,46.7791156,7.0885317,Denner Filiale,Matran
Melano,45.92292,8.9846,Denner Partner,Riva San Vitale
Melide,45.9544449,8.9496717,Denner Satellit,Melide
Mellingen,47.4132083,8.2670275,Denner Filiale,Mellingen
Mels,47.04179,9.4315,Denner Filiale,Sargans
Mendrisio,45.8699074,8.9803238,Denner Filiale,Mendrisio
Menziken,47.2412872,8.1868572,Denner Express,Menziken
Menzingen,47.176723,8.5936442,Denner Express,Menzingen
Menznau,47.08328,8.03835,Denner Express,Menznau
Mesocco,46.462317,9.192225,Denner Satellit,Mesocco
Messen,47.09197,7.44849,Denner Partner,Messen
Meyrin,46.2349091,6.0749793,Denner Filiale,Meyrin
Mezzovico,46.09154,8.92271,Denner Partner,Mezzovico-Vira
Minusio,46.1754189,8.8100071,Denner Filiale,Muralto
Möhlin,47.5571518,7.8451028,Denner Filiale,Möhlin
Mönchaltorf,47.307082,8.721381,Denner Filiale,Mönchaltorf
Mont-sur-Lausanne,46.5418706,6.6284085,Denner Filiale,Le Mont-sur-Lausanne
Montagny-près-Yverdon,46.78827,6.62144,Denner Filiale,Montagny-près-Yverdon
Monte Carasso,46.183319,9.000284,Denner Satellit,Bellinzona
Monthey,46.2540474,6.9519482,Denner Filiale,Monthey
Montreux,46.4316978,6.9097185,Denner Filiale,Montreux
Moosseedorf,47.01532,7.48431,Denner Partner,Moosseedorf
Morbio Inferiore,45.8461266,9.0159721,Denner Filiale,Morbio Inferiore
Morges,46.5097237,6.4947696,Denner Express,Morges
Morges,46.5199661,6.5074015,Denner Satellit,Morges
Moudon,46.66163,6.79613,Denner Partner,Moudon
Moutier,47.2783775,7.3704152,Denner Filiale,Moutier
Muhen,47.3347435,8.0544405,Denner Satellit,Muhen
Münchenbuchsee,47.0196686,7.450469,Denner Filiale,Münchenbuchsee
Münchenstein,47.52339,7.61655,Denner Filiale,Münchenstein
Münchwilen (TG),47.478716,8.999221,Denner Express,Münchwilen (TG)
Münsingen,46.872776,7.5627074,Denner Filiale,Münsingen
Münsingen,46.87316,7.56015,Denner Bibite,Münsingen
Murgenthal,47.26532,7.82799,Denner Partner,Murgenthal
Muri (AG),47.27249,8.34207,Denner Partner,Muri (AG)
Murten,46.93006,7.12268,Denner Filiale,Murten
Murten,46.93965,7.14421,Denner Filiale,Muntelier
Müstair,46.6348953,10.4582596,Denner Satellit,Val Müstair
Muttenz,47.525631,7.6472101,Denner Filiale,Muttenz
Naters,46.32392,7.99242,Denner Partner,Naters
Nebikon,47.19356,7.97791,Denner Partner,Nebikon
Neerach,47.51178,8.4777,Denner Partner,Neerach
Neftenbach,47.38574,8.48165,Denner Express,Oberengstringen
Neuchâtel,47.0053731,6.9620987,Denner Express,Hauterive (NE)
Neuchâtel,46.9964561,6.9325256,Denner Filiale,Neuchâtel
Neuchâtel,46.9816093,6.9002662,Denner Express,Neuchâtel
Neuchâtel,46.998415,6.924549,Denner Filiale,Neuchâtel
Neuhausen,47.6830025,8.6192112,Denner Filiale,Neuhausen am Rheinfall
Nidau,47.1297684,7.2405472,Denner Express,Nidau
Niederbipp,47.269482,7.687157,Denner Partner,Niederbipp
Niederurnen,47.1300011,9.0580864,Denner Filiale,Glarus Nord
Niederuzwil,47.4460182,9.1417122,Denner Filiale,Uzwil
Nottwil,47.1363602,8.1339684,Denner Partner,Nottwil
Nussbaumen (AG),47.4886665,8.292367,Denner Satellit,Obersiggenthal
Nyon,46.3835487,6.2361665,Denner Filiale,Nyon
Nyon,46.3827629,6.2352953,Denner Filiale,Nyon
Nyon,46.38836,6.22476,Denner Filiale,Nyon
Oberengstringen,47.4088,8.46212,Denner Filiale,Oberengstringen
Oberriet (SG),47.31337,9.561925,Denner Partner,Oberriet (SG)
Oberwil (BL),47.5093727,7.554307,Denner Filiale,Oberwil (BL)
Oensingen,47.2873392,7.7090564,Denner Filiale,Oensingen
Oetwil am See,47.27125,8.72405,Denner Partner,Oetwil am See
Oftringen,47.3124771,7.9215851,Denner Filiale,Oftringen
Oftringen,47.3164749,7.9397974,Denner Filiale,Oftringen
Olivone,46.52994,8.938816,Denner Satellit,Blenio
Olten,47.35002,7.89673,Denner Filiale,Olten
Olten,47.3463287,7.9096236,Denner Filiale,Olten
Olten,47.34662,7.9174,Denner Satellit,Starrkirch-Wil
Onex,46.1921,6.10321,Denner Filiale,Onex
Opfikon,47.428349,8.574196,Denner Partner,Opfikon
Orbe,46.721357,6.538078,Denner Filiale,Orbe
Oron,46.5711,6.82312,Denner Partner,Oron
Orpund,47.13844,7.30938,Denner Satellit,Orpund
Ostermundigen,46.9584656,7.4913416,Denner Filiale,Ostermundigen
Ostermundigen,46.9568253,7.4959383,Denner Express,Ostermundigen
Pampigny,46.5801659,6.4280295,Denner Satellit,Mauraz
Paradiso,45.9906921,8.9433289,Denner Filiale,Paradiso
Paspels,46.7498,9.442406,Denner Partner,Domleschg
Paudex,46.5068169,6.6712732,Denner Filiale,Paudex
Payerne,46.8211327,6.9362478,Denner Filiale,Payerne
Penthaz,46.60039,6.53802,Denner Express,Penthaz
Peseux,46.9862328,6.8894329,Denner Filiale,Milvignes
Petit-Lancy,46.1871872,6.1112642,Denner Filiale,Lancy
Pfäffikon (SZ),47.20056,8.79276,Denner Filiale,Freienbach
Pfäffikon (ZH),47.3662898,8.7818144,Denner Filiale,Pfäffikon
Pfäffikon (ZH),47.3682022,8.7805805,Denner Filiale,Pfäffikon
Pfungen,47.51744,8.65,Denner Filiale,Pfungen
Pieterlen,47.172685,7.341943,Denner Partner,Pieterlen
Plaffeien,46.7405,7.29031,Denner Express,Plaffeien
Pompaples,46.6669686,6.5106889,Denner Partner,Pompaples
Porrentruy,47.415226,7.0715389,Denner Filiale,Porrentruy
Porrentruy,47.41648,7.07715,Denner Filiale,Porrentruy
Port,47.11671,7.2547,Denner Express,Port
Pratteln,47.5215111,7.6928544,Denner Filiale,Pratteln
Préverenges,46.5231789,6.530262,Denner Filiale,Préverenges
Prilly,46.5273933,6.6028786,Denner Filiale,Prilly
Quartino,46.1522201,8.9122571,Denner Partner,Cugnasco-Gerra
Rapperswil (SG),47.2291756,8.8208418,Denner Filiale,Rapperswil-Jona
Regensdorf,47.4315605,8.4676113,Denner Filiale,Regensdorf
Regensdorf,47.4446945,8.4654236,Denner Express,Regensdorf
Reiden,47.2414742,7.969666,Denner Filiale,Reiden
Reigoldswil,47.3973083,7.6913891,Denner Partner,Reigoldswil
Reinach (AG),47.2588844,8.1821623,Denner Filiale,Reinach (AG)
Reinach (BL),47.5022545,7.5964313,Denner Filiale,Reinach (BL)
Reinach (BL),47.4926834,7.5928998,Denner Express,Reinach (BL)
Reinach (BL),47.4904099,7.5891,Denner Filiale,Reinach (BL)
Renens (VD),46.5385361,6.580883,Denner Filiale,Renens (VD)
Renens (VD),46.53326,6.59829,Denner Filiale,Prilly
Renens (VD),46.53416,6.58244,Denner Express,Renens (VD)
Rennaz,46.3826485,6.9204822,Denner Filiale,Rennaz
Reute (AR),47.419664,9.575657,Denner Satellit,Reute (AR)
Rhäzüns,46.7994385,9.3975773,Denner Satellit,Rhäzüns
Rheinfelden,47.55703,7.80155,Denner Express,Rheinfelden
Rheinfelden,47.546984,7.767293,Denner Partner,Rheinfelden
Riazzino,46.1754532,8.8872356,Denner Filiale,Lavertezzo
Richterswil,47.2100372,8.7037764,Denner Filiale,Richterswil
Rickenbach (LU),47.220923,8.152199,Denner Satellit,Rickenbach (LU)
Riddes,46.17241,7.22216,Denner Satellit,Riddes
Riehen,47.5713577,7.6312418,Denner Express,Riehen
Riehen,47.5855141,7.6503291,Denner Filiale,Riehen
Riva S. Vitale,45.90514,8.97285,Denner Partner,Riva San Vitale
Rivera,46.124418,8.924128,Denner Partner,Monteceneri
Roche (VD),46.35478,6.9328,Denner Filiale,Roche (VD)
Rolle,46.4611,6.33838,Denner Filiale,Rolle
Romanel-sur-Lausanne,46.5754204,6.6054058,Denner Filiale,Cheseaux-sur-Lausanne
Romanel-sur-Lausanne,46.5596504,6.6117883,Denner Filiale,Romanel-sur-Lausanne
Romanshorn,47.5650699,9.3674738,Denner Filiale,Salmsach
Romont (FR),46.693401,6.912238,Denner Filiale,Romont (FR)
Rorschach,47.478258,9.481892,Denner Filiale,Rorschach
Rorschacherberg,47.47079,9.48349,Denner Partner,Rorschach
Röschenz,47.4253769,7.4752688,Denner Satellit,Röschenz
Rossrüti,47.474194,9.062444,Denner Partner,Wil (SG)
Rothenburg,47.0989178,8.2697882,Denner Filiale,Rothenburg
Rothenburg,47.093953,8.268967,Denner Filiale,Rothenburg
Rotkreuz,47.14494,8.4314,Denner Filiale,Risch
Rubigen,46.8924866,7.541666,Denner Filiale,Rubigen
Rümlang,47.461834,8.5257816,Denner Filiale,Rümlang
Rupperswil,47.4027634,8.1275864,Denner Partner,Rupperswil
Rüschlikon,47.3006112,8.5501107,Denner Filiale,Rüschlikon
Ruswil,47.0883522,8.1127868,Denner Filiale,Ruswil
Rüti (ZH),47.2598648,8.8530998,Denner Filiale,Rüti (ZH)
Rüti (ZH),47.25855,8.8496,Denner Filiale,Rüti (ZH)
Saas Grund,46.1235657,7.9369001,Denner Satellit,Saas-Grund
Sachseln,46.8685684,8.2397184,Denner Satellit,Sachseln
Saignelégier,47.25521,6.99739,Denner Satellit,Saignelégier
Saint-Aubin,46.89424,6.77402,Denner Partner,Mutrux
Saint-Imier,47.15156,6.9952,Denner Partner,Saint-Imier
Saint-Maurice,46.21483,7.00517,Denner Express,Saint-Maurice
Sainte-Croix,46.8232803,6.5018201,Denner Satellit,Sainte-Croix
Salavaux,46.9179878,7.0224195,Denner Partner,Vully-les-Lacs
Samedan,46.531557,9.874905,Denner Filiale,Samedan
Sant'Antonino,46.1562392,8.9720317,Denner Filiale,Sant'Antonino
Sarmenstorf,47.30864,8.24565,Denner Satellit,Sarmenstorf
Sarnen,46.8998528,8.2478485,Denner Filiale,Sarnen
Sarnen,46.8970413,8.24967,Denner Filiale,Sarnen
Savièse,46.25013,7.34909,Denner Partner,Savièse
Savigny,46.5391312,6.7307181,Denner Satellit,Savigny
Savosa,46.0173378,8.9408302,Denner Filiale,Massagno
Saxon,46.148574,7.17398,Denner Partner,Saxon
Schaan,47.167018,9.508667,Denner Satellit,Buchs (SG)
Schaffhausen,47.6987228,8.6551208,Denner Filiale,Feuerthalen
Schaffhausen,47.7202721,8.6639729,Denner Filiale,Stetten (SH)
Schaffhausen,47.6988258,8.6348982,Denner Express,Schaffhausen
Schaffhausen,47.7059326,8.6189489,Denner Filiale,Schaffhausen
Schaffhausen,47.699055,8.631698,Denner Filiale,Schaffhausen
Schaffhausen,47.71542,8.64588,Denner Filiale,Schaffhausen
Schänis,47.15857,9.04451,Denner Partner,Schänis
Schiers,46.97003,9.68404,Denner Filiale,Schiers
Schlieren,47.3960838,8.4394464,Denner Express,Schlieren
Schlieren,47.3968315,8.4487734,Denner Filiale,Schlieren
Schlieren,47.39903,8.44643,Denner Express,Schlieren
Schlieren,47.400253,8.434794,Denner Filiale,Schlieren
Schluein,46.77809,9.21835,Denner Filiale,Ilanz/Glion
Schmerikon,47.225441000000004,8.9441805,Denner Express,Schmerikon
Schmitten (FR),46.85595,7.24886,Denner Express,Schmitten (FR)
Schönbühl,47.0169868,7.4924374,Denner Filiale,Moosseedorf
Schötz,47.17006,7.991062,Denner Partner,Schötz
Schüpfheim,46.9471,8.00908,Denner Partner,Schüpfheim
Schwerzenbach,47.38539,8.65831,Denner Partner,Schwerzenbach
Schwyz,47.020979,8.656819,Denner Satellit,Schwyz
Scuol,46.79681,10.3076,Denner Express,Scuol
Sedrun,46.6804466,8.775238,Denner Satellit,Tujetsch
Seewen (SZ),47.02972,8.62962,Denner Partner,Steinen
Sembrancher,46.07902,7.14368,Denner Bibite,Sembrancher
Seon,47.34663,8.16075,Denner Partner,Seon
Siebnen,47.176033,8.9018764,Denner Filiale,Wangen (SZ)
Sierre,46.2901878,7.5254302,Denner Filiale,Sierre
Sierre,46.2824099,7.51288,Denner Filiale,Chalais
Sierre,46.2919017,7.530273,Denner Filiale,Sierre
Sion,46.2304497,7.3602057,Denner Express,Sion
Sion,46.22751,7.3839,Denner Filiale,Vex
Sion,46.2318828,7.3845419,Denner Filiale,Sion
Sion,46.2270203,7.3533349,Denner Bibite,Sion
Sion,46.229176,7.368374,Denner Filiale,Sion
Sion,46.225208,7.32631,Denner Express,Conthey
Sirnach,47.4616318,8.9985247,Denner Satellit,Münchwilen (TG)
Sirnach,47.461834,8.998688,Denner Express,Münchwilen (TG)
Sirnach,47.46865,8.99312,Denner Partner,Münchwilen (TG)
Sissach,47.461828,7.82409,Denner Filiale,Thürnen
Sissach,47.46234,7.81627,Denner Filiale,Sissach
Solothurn,47.2073212,7.5323286,Denner Express,Solothurn
Solothurn,47.2030029,7.5440803,Denner Filiale,Zuchwil
Solothurn,47.21133,7.526035,Denner Express,Solothurn
Spiez,46.6859,7.68089,Denner Express,Spiez
Spreitenbach,47.42323,8.3699,Denner Filiale,Spreitenbach
Spreitenbach,47.4223328,8.3678713,Denner Filiale,Spreitenbach
St-Légier,46.4707372,6.8807375,Denner Satellit,Blonay - Saint-Légier
St-Prex,46.4816742,6.4568009,Denner Filiale,Saint-Prex
St. Gallen,47.4310149,9.3956043,Denner Filiale,St. Gallen
St. Gallen,47.4354858,9.3865662,Denner Filiale,St. Gallen
St. Gallen,47.4216995,9.3717318,Denner Filiale,St. Gallen
St. Gallen,47.4187965,9.3537045,Denner Filiale,Gaiserwald
St. Gallen,47.4374313,9.4046049,Denner Filiale,St. Gallen
St. Gallen,47.41025,9.33578,Denner Filiale,Gaiserwald
St. Margrethen,47.4500499,9.6515799,Denner Filiale,St. Margrethen
St. Margrethen (SG),47.45288,9.63237,Denner Filiale,St. Margrethen
St. Moritz,46.4898949,9.8362198,Denner Express,St. Moritz
St. Niklaus,46.17552,7.80164,Denner Satellit,St. Niklaus
Stäfa,47.2402115,8.7245293,Denner Express,Stäfa
Stans,46.956427,8.373638,Denner Satellit,Stans
Stans,46.9646912,8.3556557,Denner Filiale,Stans
Stansstad,46.976562,8.337307,Denner Partner,Stansstad
Steffisburg,46.78114,7.63386,Denner Bibite,Steffisburg
Steffisburg,46.766984,7.624376,Denner Filiale,Thun
Stein (AG),47.5467072,7.9524579,Denner Filiale,Stein (AG)
Stein am Rhein,47.651528,8.855364,Denner Bibite,Stein am Rhein
Steinen,47.04884,8.6129487,Denner Partner,Steinen
Steinhausen,47.191773,8.4884467,Denner Filiale,Steinhausen
Steinhausen,47.19216,8.47782,Denner Filiale,Steinhausen
Strengelbach,47.27757,7.92768,Denner Satellit,Strengelbach
Sugiez-Vully,46.962051,7.1134,Denner Express,Mont-Vully
Suhr,47.3744736,8.0777798,Denner Filiale,Suhr
Suhr,47.37319,8.08255,Denner Filiale,Suhr
Sulgen,47.540357,9.182337,Denner Bibite,Sulgen
Sumiswald,47.028141,7.7451563,Denner Satellit,Sumiswald
Sursee,47.1726265,8.1023188,Denner Filiale,Sursee
Sursee,47.178107,8.109397,Denner Filiale,Sursee
Susten,46.3114433,7.6402068,Denner Express,Leuk
Tavannes,47.2190512,7.1991031,Denner Satellit,Tavannes
Taverne,46.062333,8.929052,Denner Satellit,Torricella-Taverne
Tenero,46.178107,8.853993,Denner Partner,Tenero-Contra
Tesserete,46.06667,8.96674,Denner Express,Capriasca
Thal,47.47917,9.57775,Denner Filiale,Thal
Thalwil,47.2943001,8.5641003,Denner Filiale,Thalwil
Therwil,47.4997723,7.5564983,Denner Filiale,Therwil
Therwil,47.5039597,7.5547066,Denner Filiale,Therwil
Thônex,46.1933937,6.2013578,Denner Filiale,Thônex
Thônex,46.19654,6.20526,Denner Filiale,Chêne-Bourg
Thörishaus,46.8938103,7.3508987,Denner Partner,Neuenegg
Thun,46.7445145,7.6138415,Denner Filiale,Thun
Thun,46.7547035,7.6273685,Denner Filiale,Thun
Thun,46.7447665,7.6044917,Denner Filiale,Thun
Thun,46.75936,7.62498,Denner Filiale,Thun
Thun,46.7403374,7.6226997,Denner Filiale,Thun
Tramelan,47.223327,7.105987,Denner Partner,Tramelan
Triesen,47.10868,9.525441,Denner Filiale,Sevelen
Triesenberg,47.1184044,9.5431471,Denner Satellit,Sevelen
Trimbach,47.3668701,7.9098312,Denner Filiale,Trimbach
Trimmis,46.901009,9.561306,Denner Satellit,Trimmis
Trübbach,47.07404,9.48211,Denner Satellit,Wartau
Uetendorf,46.774301,7.5731794,Denner Bibite,Uetendorf
Unterägeri,47.1382103,8.5795116,Denner Filiale,Unterägeri
Unterentfelden,47.3619645,8.0456204,Denner Partner,Unterentfelden
Unterentfelden,47.36691,8.04396,Denner Express,Unterentfelden
Unterkulm,47.313246,8.11394,Denner Partner,Unterkulm
Urdorf,47.384832,8.421921,Denner Filiale,Urdorf
Ursy,46.6341476,6.8370676,Denner Satellit,Ursy
Urtenen-Schönbühl,47.0195656,7.4983191,Denner Filiale,Urtenen-Schönbühl
Uster,47.35809,8.70943,Denner Filiale,Uster
Uster,47.3496,8.71589,Denner Filiale,Uster
Uster,47.35192,8.719117,Denner Filiale,Uster
Uznach,47.2252,8.97016,Denner Filiale,Uznach
Uzwil,47.4371599,9.13319,Denner Filiale,Oberuzwil
Val-de-Charmey,46.6198728,7.1628629,Denner Express,Val-de-Charmey
Vallorbe,46.711689,6.376359,Denner Satellit,Vallorbe
Vaulruz,46.61896,6.98116,Denner Partner,Vaulruz
Verbier,46.0976143,7.223896,Denner Filiale,Val de Bagnes
Vernayaz,46.1347844,7.0390378,Denner Express,Vernayaz
Vernier,46.21562,6.08078,Denner Filiale,Vernier
Versoix,46.2802,6.16684,Denner Filiale,Versoix
Vétroz,46.2254028,7.280314,Denner Satellit,Vétroz
Vevey,46.45861,6.84848,Denner Filiale,Vevey
Vevey,46.46452,6.84188,Denner Filiale,Vevey
Vevey,46.4614525,6.8388214,Denner Filiale,Vevey
Vex,46.21131,7.39978,Denner Satellit,Vex
Viganello,46.0115585,8.9665518,Denner Filiale,Lugano
Villars-Glâne,46.7936699,7.1331571,Denner Bibite,Villars-sur-Glâne
Villars-Glâne,46.794627,7.115771,Denner Filiale,Corminboeuf
Villmergen,47.34746,8.24499,Denner Filiale,Villmergen
Visp,46.2915344,7.8877573,Denner Filiale,Visp
Volketswil,47.3883667,8.6805525,Denner Filiale,Volketswil
Volketswil,47.3825136,8.6676223,Denner Filiale,Schwerzenbach
Vouvry,46.33672,6.89141,Denner Partner,Vouvry
Wabern,46.92252,7.4598,Denner Filiale,Kehrsatz
Wädenswil,47.2284851,8.6688023,Denner Filiale,Wädenswil
Wald (ZH),47.2732162,8.9126415,Denner Partner,Wald (ZH)
Wallisellen,47.4143715,8.5909929,Denner Filiale,Wallisellen
Wallisellen,47.4085007,8.5941753,Denner Filiale,Wallisellen
Wasen im Emmental,47.0435791,7.7972093,Denner Satellit,Dürrenroth
Wattenwil,46.769824,7.510029,Denner Partner,Wattenwil
Wattwil,47.3007942,9.0911677,Denner Filiale,Wattwil
Wauwil,47.1851311,8.0201826,Denner Partner,Wauwil
Weinfelden,47.5677799,9.11101,Denner Filiale,Weinfelden
Weinfelden,47.5682373,9.0949144,Denner Filiale,Weinfelden
Wettingen,47.4672199,8.32498,Denner Filiale,Wettingen
Wetzikon (ZH),47.3276634,8.7996979,Denner Bibite,Wetzikon (ZH)
Wetzikon (ZH),47.3199844,8.7922392,Denner Filiale,Wetzikon (ZH)
Wetzikon (ZH),47.33167,8.80794,Denner Express,Wetzikon (ZH)
Widnau,47.4078636,9.6289396,Denner Filiale,Widnau
Wiedlisbach,47.252552,7.6494241,Denner Satellit,Wiedlisbach
Wil (SG),47.4624214,9.0414476,Denner Express,Wil (SG)
Wil (SG),47.4653582,9.044413,Denner Filiale,Wil (SG)
Wil (SG),47.471755,9.0392564,Denner Express,Wil (SG)
Wilderswil,46.673343,7.868023,Denner Filiale,Matten bei Interlaken
Wilen (TG),47.45357,9.03975,Denner Filiale,Wilen (TG)
Willisau,47.12341,7.994871,Denner Express,Willisau
Willisau,47.1311013,7.999737,Denner Filiale,Willisau
Wimmis,46.67603,7.63892,Denner Express,Wimmis
Windisch,47.47722,8.21652,Denner Filiale,Windisch
Winterthur,47.5183144,8.7198648,Denner Filiale,Seuzach
Winterthur,47.4947443,8.7402405,Denner Filiale,Winterthur
Winterthur,47.4855537,8.7622299,Denner Filiale,Zell (ZH)
Winterthur,47.5022087,8.7484007,Denner Filiale,Winterthur
Winterthur,47.4977535,8.7457004,Denner Filiale,Winterthur
Winterthur,47.4990845,8.720397,Denner Filiale,Winterthur
Winterthur,47.510505,8.758528,Denner Satellit,Winterthur
Winterthur,47.5041465,8.7724363,Denner Filiale,Wiesendangen
Winterthur,47.49103,8.70545,Denner Filiale,Winterthur
Winterthur,47.5004207,8.7265218,Denner Express,Winterthur
Winterthur,47.50438,8.71913,Denner Filiale,Winterthur
Winterthur,47.47826,8.69833,Denner Bibite,Brütten
Wittenbach,47.46027,9.38946,Denner Filiale,Wittenbach
Wohlen (AG),47.3502541,8.2709007,Denner Filiale,Wohlen (AG)
Wohlen (AG),47.34714,8.29053,Denner Filiale,Wohlen (AG)
Wolhusen,47.05628,8.07046,Denner Filiale,Wolhusen
Wollerau,47.19206,8.72114,Denner Bibite,Wollerau
Wollerau,47.19647,8.722586,Denner Filiale,Wollerau
Worb,46.9266281,7.565063,Denner Filiale,Worb
Würenlingen,47.525789,8.245425,Denner Filiale,Würenlingen
Yverdon,46.7811737,6.6355114,Denner Express,Yverdon-les-Bains
Yverdon-les-Bains,46.7793121,6.64117,Denner Filiale,Yverdon-les-Bains
Yverdon-les-Bains,46.7831573,6.6348796,Denner Filiale,Yverdon-les-Bains
Yverdon-les-Bains,46.77694,6.65177,Denner Filiale,Yverdon-les-Bains
Yverdon-les-Bains,46.76586,6.64244,Denner Filiale,Yverdon-les-Bains
Yvonand,46.799487,6.745038,Denner Partner,Yvonand
Zermatt,46.0254503,7.7492958,Denner Partner,Zermatt
Zernez,46.6996918,10.0923557,Denner Partner,Zernez
Zizers,46.93589,9.56433,Denner Satellit,Zizers
Zofingen,47.2858887,7.9552288,Denner Filiale,Zofingen
Zollikofen,46.9933899,7.45701,Denner Filiale,Zollikofen
Zollikofen,46.997869,7.45934,Denner Express,Zollikofen
Zuchwil,47.2033234,7.5635219,Denner Satellit,Zuchwil
Zug,47.1712189,8.5165787,Denner Express,Zug
Zug,47.1732483,8.5170155,Denner Filiale,Zug
Zug,47.17801,8.50583,Denner Filiale,Zug
Zumikon,47.3364677,8.6193209,Denner Filiale,Zumikon
Zürich,47.392086,8.4849253,Denner Filiale,Oberengstringen
Zürich,47.4209557,8.5490551,Denner Filiale,Opfikon
Zürich,47.3749084,8.5232935,Denner Express,Zürich
Zürich,47.4017372,8.4996614,Denner Express,Oberengstringen
Zürich,47.3838768,8.5319653,Denner Filiale,Zürich
Zürich,47.3832207,8.5309191,Denner Express,Zürich
Zürich,47.3700294,8.5084438,Denner Filiale,Zürich
Zürich,47.3583974,8.571704,Denner Express,Zollikon
Zürich,47.3586769,8.5862675,Denner Filiale,Zollikon
Zürich,47.4046326,8.5745907,Denner Filiale,Wallisellen
Zürich,47.4104989,8.5425877,Denner Filiale,Opfikon
Zürich,47.3633881,8.5504379,Denner Express,Zürich
Zürich,47.3990707,8.5328207,Denner Express,Zürich
Zürich,47.4113731,8.5264606,Denner Filiale,Rümlang
Zürich,47.3884048,8.4871044,Denner Filiale,Oberengstringen
Zürich,47.3863525,8.4987726,Denner Filiale,Oberengstringen
Zürich,47.4039383,8.5726547,Denner Filiale,Wallisellen
Zürich,47.3692436,8.5029736,Denner Filiale,Zürich
Zürich,47.3728447,8.5295153,Denner Filiale,Zürich
Zürich,47.3582458,8.5180702,Denner Filiale,Zürich
Zürich,47.3644829,8.555584,Denner Express,Zürich
Zürich,47.3928383,8.5287017,Denner Express,Zürich
Zürich,47.4033813,8.4976425,Denner Filiale,Oberengstringen
Zürich,47.3795433,8.5270691,Denner Express,Zürich
Zürich,47.3444443,8.5307074,Denner Filiale,Zürich
Zürich,47.387207,8.4859943,Denner Express,Oberengstringen
Zürich,47.3761559,8.4837914,Denner Filiale,Uitikon
Zürich,47.4199295,8.5080814,Denner Filiale,Rümlang
Zürich,47.3907,8.54521,Denner Express,Zürich
Zürich,47.36172,8.5177,Denner Express,Zürich
Zürich,47.4073423,8.5483208,Denner Filiale,Opfikon
Zürich,47.42726,8.54673,Denner Express,Rümlang
Zürich,47.38875,8.5389,Denner Express,Zürich
Zürich,47.36902,8.55593,Denner Express,Zürich
Zürich,47.385379,8.5310561,Denner Filiale,Zürich
Zürich,47.37671,8.527252,Denner Express,Zürich
Zürich,47.38573,8.49237,Denner Filiale,Oberengstringen
Zürich,47.37882,8.55944,Denner Express,Zürich
Zürich,47.37657,8.49739,Denner Filiale,Zürich
Zürich,47.40013,8.58794,Denner Filiale,Wallisellen
Zürich,47.3887808,8.52507,Denner Filiale,Zürich
Zuzwil (SG),47.47304,9.11321,Denner Partner,Zuzwil (SG)
Zweisimmen,46.555429,7.372506,Denner Express,Zweisimmen
