name,Long ,Lat,Ladentyp
Aachtal,9.2732473,47.5482982,m
Aadorf,8.8994059,47.4900907,m
Aarau,8.0515956,47.3919981,mta
Aarau - Igelweid,8.0460946,47.3917082,mm
Aarau Bahnhof,8.0528306,47.3919221,m
Abtwil - Säntispark,9.316473,47.4174113,mm
Adligenswil,8.3619211,47.0715393,dmp
Adliswil,8.5252672,47.3112824,mm
Aesch,7.5960676,47.4694175,mm
Affoltern a. A.,8.453809,47.2780275,mm
Affoltern am Albis,8.4457167,47.2750156,soca
Agno,8.9056394,45.9983117,mgls
Aigle - Chablais Centre,6.9381022,46.31611,mmm
Aigle gare,6.964881,46.3159644,m
Allschwil - Binningerstr.,7.5463149,47.5485219,mgls
Allschwil - Paradies,7.5536404,47.547382,mmm
Allschwil - Stockbrunnenrain,7.5536691,47.5462124,shell
Allschwil - Ziegelei,7.5499775,47.5530962,m
Allschwil-Lindenplatz,7.5603772,47.5578704,dmp
Alnatura Bio Super Markt - Glattzentrum,8.5952402,47.4082791,alna
Alnatura Bio Super Markt Baden,8.3083072,47.4774968,alna
Alnatura Bio Super Markt Basel Kirschgarten,7.59271,47.551838,alna
Alnatura Bio Super Markt Bern,7.443384,46.9475701,alna
Alnatura Bio Super Markt Bülach,8.5399111,47.5209742,alna
Alnatura Bio Super Markt Limmatplatz,8.53111,47.38453,alna
Alnatura Bio Super Markt Luzern,8.3083917,47.0544369,alna
Alnatura Bio Super Markt Metalli Zug,8.517689,47.1725892,alna
Alnatura Bio Super Markt Niederdorf,8.5440268,47.3744048,alna
Alnatura Bio Super Markt Oerlikon,8.543878,47.4087478,alna
Alnatura Bio Super Markt Solothurn,7.536333,47.20708,alna
Alnatura Bio Super Markt St. Gallen,9.370891,47.422413,alna
Alnatura Bio Super Markt Uster,8.7155557,47.3498692,alna
Alnatura Bio Super Markt Winterthur-Grüze,8.7533556,47.4967661,alna
Alnatura Bio Super Markt Zürich HB - Sihlquai,8.535889,47.3786818,alna
Alnatura Bio Super Markt Zürich-City,8.5361463,47.3752669,alna
Alnatura Bio Super Markt Zürich-Höngg,8.4982339,47.4032754,alna
Alpnach Outlet,8.2762082,46.9341853,spez
Altdorf,8.6416105,46.8796664,m
Altdorf,8.626639,46.8962178,mgls
Altstätten SG,9.5377008,47.3771836,mm
Amriswil,9.297961,47.54671,mm
Amriswil,9.2727591,47.5448552,mgls
Amriswil - Amriville,9.298285,47.54741,fm
Andelfingen,8.6887258,47.601998,m
Appenzell,9.4071483,47.3348204,mm
Arbedo Castione,9.0440908,46.2250903,m
Arbon,9.432242,47.5119795,mm
Arlesheim,7.6185546,47.494261,mm
Ascona,8.773702,46.1540856,m
Ascona,8.7718592,46.1550202,pica
Au SG,9.6377624,47.431293,m
Avenches,7.0451655,46.8854592,m
Avry Centre,7.0781119,46.7876479,mmm
Baar,8.5250447,47.195539,m
Bad Ragaz,9.5014435,47.0035166,dmp
Bad Zurzach,8.2959683,47.5857967,mm
Baden,8.278909,47.4825931,shell
Baden - Bhf. Take Away,8.3078837,47.4767306,mr
Baden - City,8.3086998,47.4771453,mm
Baden-Dättwil,8.2830446,47.4564069,shell
Baden-Dättwil,8.2908713,47.4499939,soca
Balerna-Bisio 1,9.0159183,45.8411348,pica
Balerna-Bisio 2,9.0159686,45.8415389,pica
Balerna-Roncaglia,9.0116168,45.8361298,pica
Balsthal,7.6955408,47.3168586,m
Basel - Allschwiler,7.5734192,47.5559314,m
Basel - Bahnhof SBB,7.5886351,47.5479172,m
Basel - Birsigstrasse,7.5783333,47.5501347,dmp
Basel - Burgfelder,7.5724253,47.5622371,mm
Basel - Claramarkt,7.5920619,47.5615832,mmm
Basel - Drachen-Center,7.5928077,47.5528056,mm
Basel - Dreispitz MParc,7.6038713,47.5393434,fm
Basel - Efringer,7.5965886,47.5691589,mm
Basel - Eglisee,7.6152494,47.5701213,m
Basel - Flughafenstrasse,7.5695768,47.5694998,shell
Basel - Gundelitor,7.5922222,47.5435146,mm
Basel - Hardstrasse,7.607221,47.549313,m
Basel - Inselstrasse,7.5906325,47.577495,dmp
Basel - Juniors Market,7.6016293,47.55872,m
Basel - Lachenstrasse,7.5697693,47.568176,dmp
Basel - Lehenmatt,7.620699,47.5471518,dmp
Basel - Märtplatz,7.5877372,47.5592591,m
Basel - Mülhauser,7.5796836,47.5685421,m
Basel - Neuweiler,7.5642044,47.5469569,m
Basel - Schützenmatt,7.5812888,47.5560094,m
Basel - Stücki,7.5957171,47.579952,m
Basel - Wanderstrasse,7.564058,47.5524703,dmp
Basel - Wasgenring,7.5647563,47.5612305,dmp
Basel - Zürcherstrasse,7.6150933,47.55512,dmp
Basel Hochbergerstrasse,7.5943537,47.58099,mgls
Basel Weil,7.60347,47.593856,mgls
Bassersdorf,8.6298002,47.4422909,mm
Bauma,8.8775133,47.3681049,m
Bavois,6.5686895,46.6746657,dmp
Bavois-Alpes,6.570611,46.6739849,shell
Bavois-Jura,6.5693753,46.6736156,shell
Bazenheid,9.0682158,47.4126848,m
Belfaux,7.1131443,46.8259234,m
Bellinzona,9.0289299,46.1991221,soca
Bellinzona - Piazza del Sole,9.0243305,46.1937973,mm
Bellinzona Outlet,9.013277,46.1861062,spez
Bellinzona-Nord,9.0382178,46.2065522,pica
Belp,7.4926529,46.8964728,mm
Berikon - Mutschellen,8.3664932,47.3631663,m
Beringen,8.5838803,47.6963713,m
Bern - Bachmätteli,7.3900576,46.9392241,mm
Bern - Bahnhof,7.4401642,46.949378,mm
Bern - Bahnhof Take Away,7.4395076,46.9488819,mr
Bern - Bethlehem,7.3832855,46.9475326,mm
Bern - Breitenrain,7.4532328,46.9580156,m
Bern - Bubenberg,7.4379673,46.9474381,mm
Bern - Bümpliz,7.3965641,46.9488786,soca
Bern - Christoffel,7.4401581,46.9475739,m
Bern - Egghölzli,7.475067,46.9368899,m
Bern - Egghölzli,7.4751852,46.9368988,mgls
Bern - Eigerplatz,7.4320705,46.9399808,m
Bern - Fellerstrasse,7.384876,46.9464,mgls
Bern - Freudenberg,7.4727611,46.9454091,mm
Bern - Kirchenfeld,7.4531633,46.9421839,m
Bern - Lorraine,7.4465984,46.9559292,m
Bern - Marktgasse,7.4448371,46.9482654,mmm
Bern - Marktgasse Fachmarkt,7.445796,46.9481395,fm
Bern - Murifeld,7.4811263,46.9395518,m
Bern - Stöckacker,7.3992866,46.944202,m
Bern - Wankdorf,7.4659375,46.9658677,mgls
Bern - Wankdorf MParc,7.4589773,46.9654266,fm
Bern - Welle 7,7.4369117,46.9480604,m
Bern - Westside,7.3743954,46.9455311,mm
Bern - Westside,7.3706941,46.9433611,mgls
Bern - Winkelried,7.4635232,46.9657983,mm
Bern - Zähringer,7.433226,46.955387,mm
Bern Länggasse,7.4300874,46.9549213,mig
Bern Westflügel,7.3953525,46.9467745,m
Bex,7.015988,46.2504679,m
Biasca,8.9721457,46.3535809,m
Biasca,8.969252,46.3587333,pica
Biberist,7.5617677,47.1831041,m
Biberist,7.5532515,47.1898607,soca
Biel - Bielerhof,7.2443054,47.1350714,mm
Biel - Bözingen,7.2671886,47.1518033,m
Biel - Madretsch,7.2523976,47.1320095,mm
Biel - Neumarkt,7.2475398,47.140721,mm
Biel Stadion,7.2822405,47.1559201,m
Bike World Affoltern a.A,8.4463515,47.2727413,spez
Bike World Baden,8.3050272,47.478212,spez
Bike World Ebikon,8.346932,47.08554,spez
Bike World Gland,6.261512,46.42733,spez
Bike World Hinwil,8.821819,47.305885,spez
Bike World Muri,7.503635,46.9261433,spez
Bike World Pratteln,7.6818349,47.5245479,spez
Bike World Romanel,6.60575,46.570633,spez
Bike World Schlieren,8.435707,47.401318,spez
Bike World Volketswil,8.6777467,47.3799138,spez
Bike World Winterthur,8.7211386,47.4984656,spez
Bike World Zuchwil,7.55402,47.21009,spez
Binningen,7.5719652,47.5377117,mig
Binningen - Gorenmatt,7.5729746,47.5324671,mm
Binningen - Zentrum,7.5742852,47.5412885,m
Bioggio,8.9123616,46.0164899,pica
Birmensdorf,8.4367541,47.3541611,m
Birmensdorf,8.4297103,47.3654476,shell
Birsfelden,7.6242615,47.5554924,mm
Birsfelden,7.6255831,47.5497163,mgls
Bischofszell,9.2441346,47.4925953,m
Bischofszell,9.2414237,47.492215,mig
Bitsch,8.0160849,46.338042,dmp
Bière,6.3321026,46.5380702,dmp
Blonay,6.8952017,46.4644668,m
Bolligen,7.4968721,46.9701472,mig
Bonstetten,8.4722931,47.3254148,dmp
Boswil,8.316425,47.2979933,mgls
Boudry,6.8454068,46.9539937,mgls
Breitenbach - Wydehof,7.542466,47.4083107,mm
Bremgarten,8.3262155,47.3556302,shell
Bremgarten,8.3457318,47.3513448,mig
Bremgarten AG,8.3497522,47.3526495,mm
Bremgarten Fachmarkt,8.3498121,47.3522802,fm
Bremgarten Kalchacker,7.4375202,46.9753771,m
Brienz,8.0282209,46.755197,m
Brig,7.9893511,46.3184112,mm
Brissago,8.7060466,46.1145732,pica
Bronschhofen,9.0325903,47.4807063,m
Brugg,8.2082727,47.4828987,mig
Brugg - Neumarkt,8.209613,47.481945,mmm
Brugg AG,8.2203454,47.4917188,mgls
Brugg SportXX,8.2081207,47.483265,spez
Brunnen - Bahnhofsmärcht,8.608986,46.99991,m
Brusino-Arsizio 1,8.919178,45.914485,pica
Brügg,7.278243,47.1236832,mig
Brügg - Centre Brügg,7.267001,47.119664,mmm
Bubendorf,7.7432173,47.4568583,mm
Buchrain - Tschannhof,8.3488964,47.0954005,m
Buchs AG - Wynecenter,8.0889759,47.3846372,mmm
Buchs Outlet,9.4787211,47.164196,spez
Buchs SG,9.472575,47.163967,mm
Buchs SG - MParc,9.4734086,47.1643081,fm
Bulle,7.0563577,46.6233565,mgls
Bulle - Gruyère-Centre,7.0574539,46.6232086,mmm
Bulle gare,7.0538661,46.6192669,m
Buochs,8.4159724,46.9777789,m
Burgdorf,7.6005253,47.068533,mgls
Burgdorf - Neumarkt,7.6208431,47.0592476,mm
Burgdorf Fachmarkt,7.6249767,47.0599893,fm
Bursins,6.2972544,46.4446744,soca
Bussigny,6.5530928,46.5475444,mm
Bussigny,6.551894,46.5476654,mig
Bülach,8.5443391,47.5117034,mgls
Bülach - Sonnenhof,8.5399087,47.5209712,mm
Bülach Süd,8.5392376,47.5096113,mmm
Bürglen/Altdorf - Urnertor,8.6515004,46.8727476,mm
Bütschwil,9.0730977,47.3631624,m
Cadenazzo,8.9385826,46.1521213,pica
Camorino,9.0015256,46.1670889,soca
Capolago,8.9829846,45.9099345,pica
Carouge,6.1407522,46.1834886,m
Carouge - Acacias,6.1376403,46.1914249,m
Carouge - MParc La Praille,6.1339501,46.1847993,fm
Carouge - Vibert,6.1344054,46.1824507,mm
Carouge Acacias,6.1318623,46.1897101,shell
Caslano,8.8766875,45.9769776,m
Caslano,8.8772401,45.9798317,pica
Caslano-Pura,8.8697849,45.9740608,pica
Centro Agno,8.9054575,45.9982691,mmm
Centro S.Antonino,8.961926,46.153893,mmm
Centro S.Antonino OBI,8.9595539,46.1544523,fm
Cernier,6.9017185,47.0580103,mm
Cham,8.4716866,47.1826816,shell
Cham - Neudorf,8.4615121,47.1820876,m
Chamoson,7.2233814,46.2020085,dmp
Change Grand-Saconnex,6.1240901,46.2347877,chngf
Change Mont-Blanc,6.1458185,46.2081631,chngf
Change Ouchy,6.6253223,46.5076352,chngf
Change Rive,6.1517737,46.2018344,chngf
Change Thônex,6.199113,46.1933173,chngf
Chavannes - Renens,6.5763873,46.5364692,m
Chavannes les Cèdres,6.5725481,46.5305659,m
Chavannes-de-Bogis,6.1546021,46.3452296,shell
Cheseaux,6.6013953,46.5825542,shell
Chez-le-Bart - Béroche,6.7838713,46.8996814,m
Chiasso - Boffalora,9.0240412,45.8373775,m
Chiasso Via Como,9.0338472,45.8379393,pica
Chiasso-Pedrinate1,9.0055867,45.8214687,pica
Chur,9.5127989,46.8515538,mgls
Chur - Calandapark,9.513262,46.846195,mm
Chur - Gäuggeli,9.5275536,46.8515396,mm
Chur - Ringstrasse,9.5207396,46.8577894,m
Chur - West,9.5344566,46.8731603,soca
Chur Masans,9.5346776,46.8717233,m
Chur-Ost,9.5339975,46.8729209,soca
Churwalden,9.543758,46.7779744,m
Châtel-St-Denis,6.9048889,46.5237831,mm
Chêne-Bougeries,6.1865501,46.2033483,shell
Chêne-Bourg,6.1943164,46.1963267,mm
Clarens - Centre,6.8934821,46.4412673,m
Cointrin,6.1073222,46.2253308,mgls
Coldrerio-Paese,8.9853133,45.8577734,pica
Collombey,6.9566145,46.2652306,mm
Collombey,6.9531105,46.2672488,mgls
Collonge-Bellerive - Vésenaz,6.1985909,46.240334,mm
Colombier,6.8517986,46.9672459,m
Conseil à domicile Micasa,6.418621,46.4748,fm
Conthey,7.3014206,46.2245292,mgls
Conthey - Forum des Alpes,7.3009436,46.2235391,mmm
Cortaillod,6.8429599,46.9442979,m
Cossonay,6.5066553,46.6137634,m
Courtepin,7.1201102,46.8656187,m
Crans-Montana,7.4732188,46.3094446,m
Crissier,6.5690604,46.5543608,mmm
Crocifisso di Savosa,8.9413299,46.0164918,m
Cugy,6.6414782,46.5877538,m
D+G Losone,8.7715623,46.1667017,fm
Daily Zürich-Zollstrasse,8.5369492,47.3798176,m
Davos Dorf,9.8419154,46.8096852,mig
Davos Outlet,9.821248,46.79356,spez
Davos Symondpark,9.8327029,46.8015209,mm
Davos-Dorf,9.8382834,46.8073239,m
Degersheim,9.1965728,47.3724798,m
Delémont,7.34649,47.3635367,mm
Delémont - MParc,7.3568451,47.3613406,fm
Derendingen,7.5836013,47.1974163,m
Dielsdorf,8.4644704,47.4807739,mm
Dielsdorf,8.4516463,47.4859688,mgls
Dielsdorf,8.46472,47.4813293,mgls
Diepoldsau,9.6562685,47.3857976,m
Dierikon Outlet,8.3630434,47.0954723,spez
Diessenhofen,8.7521372,47.6859558,m
Dietikon - Bernstrasse,8.3956104,47.3841388,mgls
Dietikon - Limmatfeld,8.4051555,47.4090317,m
Dietikon - Löwenzentrum,8.4018695,47.4051079,mm
Dietlikon,8.620246,47.4147399,shell
Dietlikon - Brunnenwiese,8.6216426,47.4191512,m
Domat-Ems,9.4653889,46.8372082,m
Domdidier,7.0092891,46.8653776,m
Dornach,7.6119786,47.4881024,m
Däniken,7.9825917,47.3564228,shell
Dättnau,8.699324,47.477406,m
Döttingen,8.255778,47.574184,m
Dübendorf,8.6176168,47.3982637,mm
Dübendorf,8.6234613,47.3999075,mig
Dübendorf - Bühlwiesen,8.6051913,47.3983776,soca
Dübendorf - Hochbord Nord,8.6037,47.4014,fm
Dübendorf - Im Giessen,8.6074055,47.4032249,shell
Dübendorf - Sonnental,8.6060292,47.3954996,shell
Dübendorf - Zur Schmiede,8.6231363,47.3963241,soca
Dübendorf Stettbach,8.598034,47.3976505,m
Düdingen,7.19207,46.8469871,mm
Düdingen,7.1910979,46.853979,shell
Ebikon - Ladengasse,8.3408568,47.0811001,mm
Ebikon - Mall of Switzerland,8.3588978,47.0939482,mmm
Ebmatingen,8.6432014,47.350978,m
Ebnat-Kappel,9.1197808,47.2664736,m
Echallens,6.6360482,46.6388941,mm
Ecublens - Croset,6.5649077,46.5345194,mm
Ecublens - EPFL,6.5645584,46.5230466,m
Effretikon,8.6871464,47.4296167,soca
Effretikon,8.6864773,47.4258578,mig
Effretikon - Effi-Märt,8.6857324,47.4281027,mm
Egerkingen - Gäupark,7.8020478,47.3175094,mm
Egg,8.691354,47.30247,mm
Eglisau,8.5159717,47.5808035,shell
Eglisau-Nord,8.5139362,47.5792535,m
Egnach,9.371741,47.5490761,mgls
Egolzwil - Schötz,7.9838253,47.1826526,m
Einsiedeln,8.7459076,47.1287061,mm
Einsiedeln,8.7441361,47.1279567,mig
Elgg,8.8617399,47.4983247,m
Embrach,8.5917376,47.5101139,mm
Emmen - Kapf,8.2738074,47.0898808,m
Emmen - Wohncenter,8.2930347,47.0737906,mm
Emmenbrücke,8.2792234,47.0724171,mgls
Emmenbrücke - Sonnenplatz,8.2752688,47.0779516,mm
Engelberg,8.4057173,46.8207122,m
Epalinges,6.6708585,46.5485622,mm
Erde,7.2878921,46.2376096,dmp
Erlenbach - Erlibacher Märt,8.5904643,47.3070068,m
Erlinsbach,8.0084956,47.4053477,m
Erstfeld,8.6500662,46.8251526,m
Eschenbach,8.92332,47.2408601,m
Estavayer-le-Lac,6.8513418,46.847963,mm
Etoy,6.4259736,46.4737122,m
Etoy,6.4185074,46.474662,mgls
Etoy (marché spécialisé),6.4181966,46.4745693,fm
Etrembières (F),6.2322629,46.1810413,mmm
Ettingen,7.5468089,47.4844491,mm
Eyholz - Outlet,7.9069943,46.2939983,spez
FL - Balzers,9.5121868,47.0752919,dmp
FL - Ruggell,9.5235234,47.2403159,dmp
Fahrwangen,8.2432889,47.2942089,m
Faido,8.7997979,46.4780639,m
Fehraltorf,8.755505,47.3866248,m
Fiesch,8.1355669,46.4040003,m
Fislisbach,8.2908926,47.4363454,m
Flamatt,7.3191353,46.8896931,m
Flamatt - Bernstrasse 50,7.323263,46.8899632,mgls
Flawil,9.1863798,47.4130548,mm
Flawil,9.1890751,47.4155516,mig
Fleurier,6.5805278,46.9020353,mm
Forch,8.6666553,47.3176005,shell
Fornasette,8.7995044,45.9923867,pica
Frauenfeld - Bahnhofstrasse,8.896282,47.5572448,mig
Frauenfeld - Multiplex,8.9052823,47.565858,m
Frauenfeld - Passage,8.8963904,47.557151,mm
Frauenfeld - Zeughausstrasse,8.900735,47.5597074,m
Frauenfeld - Zürcherstrasse 276,8.9055846,47.5620839,mgls
Frauenfeld - Zürcherstrasse 291,8.9077074,47.5633973,shell
Freienbach,8.7642881,47.2040089,shell
Frenkendorf,7.7192242,47.5015382,mig
Fribourg - Beauregard,7.1444374,46.8006068,m
Fribourg - Pérolles,7.152315,46.7997003,mm
Fribourg - Schoenberg,7.1723464,46.8097786,m
Fribourg - St. Pierre M-Express,7.1543652,46.8034025,m
Fribourg AMAG,7.1337955,46.7992026,soca
Fribourg Gare,7.1500941,46.8033304,m
Fribourg Jura,7.139124,46.8114955,soca
Fribourg Ste-Thérèse,7.1490104,46.8101267,mm
Frick,8.0188978,47.5080226,m
Frutigen,7.6483603,46.5856019,m
Fully,7.1193852,46.136677,m
Fällanden,8.6409527,47.3739538,m
Füllinsdorf,7.7213368,47.5076558,mgls
Füllinsdorf,7.7226765,47.4993352,soca
Füllinsdorf - Schönthal,7.7251059,47.502619,mm
Füllinsdorf - Schönthal,7.7249788,47.5011982,fm
Gandria,9.0059322,46.0073342,pica
Gd Saconnex - Le Pommier,6.1198025,46.228951,m
Gebenstorf,8.2443692,47.4900828,m
Gelterkinden,7.8506659,47.4660758,mm
Genestrerio,8.9661279,45.8550221,pica
Genève - Balexert,6.1131166,46.2187665,mmm
Genève - Balexert,6.1129989,46.2189827,mgls
Genève - Champel,6.1524674,46.1909267,mm
Genève - Charmilles,6.1231482,46.2082241,mm
Genève - Cointrin,6.1078241,46.224419,soca
Genève - Cointrin Aéroport,6.1102265,46.2312856,m
Genève - Cornavin Gare,6.1422156,46.2098132,m
Genève - Eaux-Vives,6.1585088,46.2039608,mm
Genève - Fusterie M-Express,6.1461998,46.2039287,m
Genève - Jonction,6.1306224,46.2007896,mm
Genève - Les Cygnes,6.1449087,46.2113723,mm
Genève - Navigation,6.14974,46.212579,mm
Genève - Plainpalais,6.1435018,46.1931467,mm
Genève - Rieu,6.1639476,46.1919217,mm
Genève - Servette,6.132171,46.212326,m
Genève - Tourelle,6.1258169,46.2243865,m
Genève - Vidollet,6.1391683,46.2162367,m
Genève - Villereuse,6.1588299,46.2007706,mm
Genève Montbrillant,6.1404602,46.2198335,shell
Genève O’Vives,6.1669014,46.2012486,mig
Gerlafingen,7.5740858,47.1710372,m
Giubiasco - Alle Bolle,9.0136059,46.178211,m
Givisiez,7.1370774,46.8119849,mgls
Gland,6.2756695,46.4170516,m
Gland,6.2724682,46.4149466,mgls
Glarus,9.0714747,47.0399224,mig
Glarus - Zentrum Glärnisch,9.0708899,47.0406732,mm
Glattbrugg,8.567435,47.4340313,m
Glattbrugg,8.5590956,47.4289402,soca
Glattbrugg,8.5595076,47.4308194,mig
Glis - Simplon,7.9695103,46.3089074,mmm
Goldach,9.4677839,47.474811,m
Goldach - St.Gallerstr.,9.4754725,47.4787605,mgls
Goldau,8.551124,47.05089,m
Gossau,9.2563798,47.4175531,mm
Gossau,9.2530635,47.4119054,mig
Gossau - Stadtbühlpark,9.2504373,47.4119695,m
Gossau - Wilerstrasse,9.2343749,47.4194624,mgls
Gossau Outlet,9.2811214,47.4089206,spez
Gossau ZH,8.7558044,47.3065422,m
Grabs,9.4421965,47.1872693,dmp
Gradelle,6.1812063,46.2054501,m
Grancia,8.9263036,45.9712181,m
Grancia Do it + Garden,8.928254,45.975298,fm
Grand-Lancy - Palettes,6.1223706,46.1749719,mm
Granges - Paccot,7.1489877,46.8289721,m
Granges-Paccot,7.1516595,46.8219444,shell
Granges-Paccot - Centre,7.1539379,46.8209959,mm
Greifensee,8.6796218,47.3678007,m
Grenchen,7.3992644,47.1897743,mm
Grenchen,7.4055558,47.193743,soca
Grenchen Nord,7.3895251,47.1915246,mig
Grenchen Outlet,7.4057556,47.1905949,spez
Gränichen,8.0979932,47.3598479,m
Gstaad,7.2825683,46.4782457,mm
Gümligen,7.5042952,46.93282,m
Hasle Rüegsau,7.6595141,47.0134658,m
Haute-Nendaz,7.2918787,46.182229,m
Hauterive,6.9730279,47.0100802,shell
Heiden,9.5361583,47.4389521,m
Heimberatung Vorhänge,8.6034703,47.4011879,fm
Heimberg,7.609361,46.782963,m
Hergiswil NW,8.311525,46.9845047,m
Herisau - Alpsteinstrasse,9.2788104,47.3787332,m
Herrlisberg,8.6615398,47.2196201,soca
Herzogenbuchsee,7.7037935,47.18653,mm
Hilterfingen,7.6586756,46.7353444,m
Hinterkappelen - Chappelemärit,7.3766563,46.96677,mm
Hinwil,8.8446093,47.3003215,m
Hinwil,8.8398702,47.3002442,mig
Hittnau,8.8254402,47.3631688,m
Hitzkirch,8.2518859,47.2222081,m
Hochdorf - Seetal-Center,8.2913828,47.1660917,mm
Hombrechtikon,8.7694304,47.2517184,m
Horgen - Schinzenhof,8.5970064,47.2601197,mm
Horw,8.309017,47.0189983,m
Hunzenschwil,8.1142192,47.386801,shell
Huttwil,7.8401887,47.1137122,mm
Hägendorf Outlet,7.8315137,47.3286815,spez
Hünibach,7.6454474,46.7451794,m
Ibach,8.6463388,47.015464,mgls
Ibach-Schwyz - Mythen-Center,8.64652,47.0155468,mmm
Ilanz - Center Marcau,9.2075797,46.7745715,mm
Interlaken,7.8521379,46.6815587,mm
Interlaken,7.852176,46.6831647,mig
Interlaken Lindenalle,7.8767761,46.6884398,mgls
Ipsach,7.2353249,47.1156818,m
Ipsach,7.2261597,47.1086124,mgls
Ittigen,7.4852772,46.9742162,mm
Ittigen - Grauholz,7.4778766,46.9897356,soca
Jona,8.8438587,47.2296039,soca
Jona - Stadttor,8.8373964,47.2314638,m
Kaltbrunn,9.0242575,47.2132724,dmp
Kerzers,7.1939798,46.9737039,m
Kirchberg,7.5816193,47.088436,mm
Kirchberg,9.0564532,47.4390646,shell
Kirchberg-Stelz,9.0568321,47.4388794,m
Kloten,8.582302,47.4505,mm
Kollbrunn,8.7707847,47.4578401,m
Konolfingen,7.6211259,46.8764297,mm
Kreuzlingen,9.1756501,47.6481842,m
Kreuzlingen,9.2005749,47.6398924,mgls
Kreuzlingen,9.1649149,47.654965,soca
Kreuzlingen - Seepark,9.1960063,47.6418058,mm
Kriens,8.2993812,47.0265464,shell
Kriens,8.2649154,47.0342359,mgls
Kriens - Hofmatt,8.2829724,47.0337928,mm
Kriens - Mattenhof,8.30067,47.0267443,m
Kölliken,8.0302701,47.3298578,mig
Köniz - Bläuacker,7.414453,46.9235082,mm
Küsnacht Berg,8.5800114,47.3168924,soca
Küsnacht ZH,8.5821107,47.3185861,m
Küssnacht - Rigimärt,8.4412034,47.0836743,mm
La Charrière,6.8354115,47.112343,m
La Chaux-de-Fonds - Métropole Centre,6.8273056,47.1000474,mmm
La Chaux-de-Fonds Les Eplatures,6.8030468,47.0900296,mm
La Neuveville,7.0886002,47.0618892,m
La Roche,7.1419287,46.6980151,m
La Tour de Trême,7.0758334,46.6004826,mm
La Tour-de-Peilz,6.8579143,46.4525336,m
La Tour-de-Trême,7.0751656,46.6007953,mgls
La Tour-de-Trême Tivoli,7.0633925,46.6106241,m
La Vallée,6.2305712,46.6058382,m
Lachen,8.8549009,47.1917747,mm
Lancy-Onex,6.1100997,46.1885214,mm
Landquart,9.561865,46.9677876,mm
Landquart,9.5920821,46.9703193,shell
Langendorf - Ladedorf,7.5113259,47.2184063,mmm
Langenthal,7.7841656,47.2143024,mm
Langenthal - MParc,7.7880675,47.2193025,fm
Langnau a. A.,8.5376553,47.2911414,m
Langnau i.E.,7.787702,46.9398058,mm
Laufen - Birscenter,7.5018211,47.419968,mm
Lausanne,6.605965,46.517094,soca
Lausanne - Bellevaux,6.6333517,46.5376065,m
Lausanne - Bergières,6.618466,46.5314548,mm
Lausanne - Chailly,6.6515176,46.5273163,mm
Lausanne - Closelet,6.6327124,46.5148689,mm
Lausanne - Cour,6.6176221,46.5157505,m
Lausanne - Flon Europe,6.6296469,46.5206694,m
Lausanne - La Borde,6.6331596,46.527164,m
Lausanne - La Harpe,6.62609,46.5124378,m
Lausanne - La Maladière,6.6073333,46.5170701,shell
Lausanne - La Sallaz,6.6467899,46.5333108,m
Lausanne - Maupas,6.6230282,46.5253972,dmp
Lausanne - Montbenon,6.6258276,46.5195069,shell
Lausanne - Métropole,6.6269854,46.5227583,mmm
Lausanne - Saint-Paul,6.615942,46.5277032,m
Lausanne - Sévelin,6.6166202,46.5216627,m
Le Bouveret,6.8606288,46.3773421,m
Le Châble,7.2140344,46.080919,dmp
Le Landeron,7.0607499,47.0563834,m
Le Lignon,6.0963765,46.2034469,m
Le Lignon,6.1094413,46.2064893,shell
Le Locle,6.7477529,47.0561079,mm
Le Locle,6.7606997,47.0637861,soca
Lenzburg,8.1768398,47.3870206,mm
Lenzburg - Bahnhof,8.1703375,47.3911132,mig
Leuk,7.6342235,46.3166844,dmp
Leukerbad,7.6252028,46.377942,m
Leysin,7.0155421,46.3452121,dmp
Leytron,7.2085967,46.1872356,dmp
Liestal,7.7359876,47.4825911,mm
Liestal,7.731261,47.4851282,mig
Ligornetto,8.9436371,45.8646321,pica
Littau Outlet,8.2601648,47.0497563,spez
Locarno,8.7897896,46.1670338,soca
Locarno - Mercato,8.7957267,46.1656809,mm
Locarno - Solduno,8.7824201,46.1684941,m
Lostorf,7.9478151,47.3831117,m
Lugano - Cassarate-Lago,8.9657425,46.0061779,mm
Lugano - Città,8.9517478,46.0070314,mmm
Lugano - Molino Nuovo,8.9586482,46.0183828,m
Lugano - Paradiso,8.9457919,45.9909707,m
Lugano - Via Trevano,8.956658,46.0184296,pica
Lugano-Viganello,8.9634004,46.0106009,pica
Lupfig,8.2085453,47.4401518,m
Lutry – La Conversion,6.6782126,46.51285,m
Luzern - Allmend,8.304944,47.031586,m
Luzern - Bahnhof,8.3103365,47.0501738,m
Luzern - Bahnhof Daily,8.3097035,47.0497659,m
Luzern - Bruchstrasse,8.299126,47.050865,m
Luzern - Brüelstrasse,8.3402123,47.0544761,m
Luzern - Grossmatte,8.2633687,47.0494761,m
Luzern - Schlossberg,8.3078217,47.0611806,m
Luzern - Schweizerhof,8.3096768,47.054745,mm
Luzern - Schönbühl,8.3283997,47.0372897,mm
Luzern - Waldstätter,8.3071716,47.0462259,m
Luzern - Wesemlin,8.3168607,47.0624023,dmp
Luzern - Würzenbachstrasse,8.3437092,47.0550833,m
Lyss Lyssbachpark,7.304151,47.078457,mm
M Boudry,6.8405634,46.9505063,m
M-Express Pont-Rouge,6.1274789,46.1872348,m
MP La Sarraz,6.5094894,46.6539794,dmp
MP Ouchy,6.6247256,46.5080062,dmp
Maggia,8.7058678,46.2455272,m
Malters,8.1793523,47.0378576,m
Manno,8.922815,46.032538,mgls
Marin,7.0109105,47.0123055,mgls
Marin-Centre,7.0079209,47.0116002,mmm
Marly - Centre,7.1612389,46.7761541,mm
Martigny,7.0858975,46.1057968,mgls
Martigny,7.078928,46.1058182,mig
Martigny - Manoir,7.0718577,46.1017023,mmm
Martigny Finettes,7.0869748,46.1054118,m
Martigny Quartz Center,7.0765592,46.1117763,fm
Massagno - Radio,8.9390275,46.0097658,m
Matten,7.8681811,46.6734205,m
Matzingen,8.9221349,47.5268556,m
Meggen,8.3896806,47.0547158,mgls
Meilen,8.6454362,47.2683937,mm
Meiringen,8.1847964,46.7282562,mm
Melano,8.9853335,45.9194213,m
Melano,8.9741886,45.9314831,pica
Mellingen,8.2668681,47.4130888,m
Mels - Pizolpark,9.4313323,47.0420585,mmm
Mendrisio,8.9859445,45.8703698,m
Mendrisio - Via Franscini,8.9774245,45.8675627,pica
Mendrisio Sud,8.9713351,45.859934,m
Mendrisio-San Martino,8.9843344,45.8749534,mig
Mendrisio-Via Zorzi,8.9787787,45.8731313,pica
Menziken,8.1865863,47.2416,m
Meyrin,6.0826195,46.2319199,mm
Meyrin,6.0783775,46.2273525,shell
Meyrin,6.0547036,46.2340918,soca
Meyrin-Parc,6.0848783,46.2305986,shell
Mies,6.1671648,46.2961134,shell
Migrol Brig,7.9663489,46.307879,mgls
Migros Online-Beratung,7.4942537,47.0167487,fm
Minusio - Centro Borenco,8.8113912,46.1753162,m
Montagny,6.6213952,46.7879937,mm
Montagny,6.6206996,46.788334,mgls
Monthey - M Central,6.9522265,46.2535582,mmm
Montreux,6.9100946,46.4324309,mm
Montreux,6.9053644,46.4394305,soca
Montreux,6.9103016,46.4358712,mig
Morbio Inferiore - Serfontana,9.0161047,45.8452376,mmm
Morges,6.4948939,46.509724,mm
Morges,6.512351,46.5175234,mgls
Moudon,6.8005522,46.6695393,mm
Moutier,7.3698395,47.2766867,mm
Moutier,7.3806655,47.2820245,mig
Murgenthal,7.8289909,47.2649304,m
Muri AG,8.3419017,47.2720346,mm
Murten/Morat,7.1227072,46.9300318,mm
Muttenz,7.6384758,47.530439,soca
Muttenz,7.6558199,47.5269738,mgls
Muttenz - Lutzert,7.6333891,47.5338563,m
Muttenz - Rothausstrasse,7.6556813,47.5263912,mm
Männedorf,8.6959795,47.2529296,m
Mézières,6.7698099,46.5963744,dmp
Möhlin,7.8469474,47.5563791,m
Müllheim,9.0003577,47.6001921,m
Münchenbuchsee - Tanne,7.4511193,47.0199113,m
Münchenstein,7.6038428,47.5258887,soca
Münchenstein - Gartenstadt,7.6069894,47.5215941,mm
Münchwilen,8.9982661,47.4777001,m
Münsingen,7.5601405,46.8731986,mm
Naters,7.9901216,46.3252623,m
Netstal,9.0540578,47.0621105,soca
Neuchâtel - Cadolles,6.9247704,46.9982008,m
Neuchâtel - Hôpital,6.929815,46.991987,mm
Neuchâtel - Portes-Rouges,6.9553682,47.0040433,m
Neuchâtel Quai-Peri,6.918138,46.9876942,shell
Neuenhof,8.3275251,47.4501589,m
Neuenkirch,8.2050715,47.0981822,dmp
Neuhausen am Rheinfall,8.6214126,47.6858485,shell
Neunkirch,8.5045443,47.6903787,m
Neydens (F),6.0976331,46.123435,m
Neyruz,7.0655105,46.7671371,m
Nidau,7.2463285,47.1263507,mm
Nidau,7.2429925,47.1196079,soca
Niederhasli,8.485262,47.479847,m
Niederurnen,9.0559104,47.1284992,m
Noranco,8.9291844,45.9797746,soca
Novazzano-Brusata1,8.9643717,45.8451092,pica
Novazzano-Brusata2,8.9643073,45.8451093,pica
Novazzano-Paese,8.981303,45.8395427,pica
Noville,6.9209862,46.388792,m
Noville,6.9204954,46.3864173,mgls
Nussbaumen - Markthof,8.2925534,47.487854,m
Nyon,6.2167268,46.3824876,soca
Nyon - La Combe,6.2348109,46.3827028,mmm
Nyon - Porte de Nyon,6.2206729,46.3883058,fm
Näfels,9.05966,47.0936714,m
Oberburg,7.6326438,47.0324969,mgls
Oberengstringen,8.462976,47.4086394,m
Oberglatt,8.5106565,47.4702272,mig
Oberglatt,8.5051151,47.4763679,soca
Oberkirch,8.1137803,47.1651653,m
Obermeilen,8.652638,47.2654485,soca
Oberrieden,8.5776055,47.2766939,mig
Oberriet,9.5634422,47.3158345,m
Oberwil,7.5546791,47.5099303,mmm
Oensingen,7.718937,47.2889751,m
Oftringen,7.9213265,47.3125554,mm
Oftringen,7.9308863,47.3051574,shell
Oftringen,7.9359853,47.29749,soca
Oftringen - MParc,7.9276772,47.308499,fm
Olten - Aarburgerstr.,7.9075153,47.3452266,mgls
Olten - Hammer,7.8987827,47.3499928,mm
Olten - Sälipark,7.9104394,47.3463482,mm
Olten - Sälipark Fachmärkte,7.9103665,47.3465494,fm
Olten - Tannwaldstrasse,7.9086432,47.3515901,mig
Onex,6.1035615,46.1846747,soca
Opfikon,8.5637435,47.4161074,soca
Opfikon - Glattpark,8.5579927,47.4212446,mm
Orbe,6.5313631,46.7237876,m
Orbe Gruvatiez,6.5388544,46.7216848,m
Oron-la-Ville,6.8257176,46.5719556,m
Ostermundigen,7.495635,46.956966,mm
Ostermundigen Poststrasse,7.4827247,46.95615,m
Othmarsingen,8.2195193,47.4070248,mgls
Outlet Dietlikon - Greenhouse,8.6191977,47.4121821,spez
Outlet Eglisau,8.5233301,47.5686492,spez
Outlet Romanel,6.6061476,46.5738718,spez
Outlet Winterthur,8.7503749,47.4959879,spez
Payerne,6.9396282,46.8201631,mm
Payerne,6.9397961,46.8196551,mig
Peseux,6.8895441,46.9859094,mm
Pfungen,8.6500909,47.5172846,m
Pfungen,8.6501686,47.5186335,fm
Pfäffikon - Seedammcenter,8.7927006,47.2005836,mm
Pfäffikon ZH,8.7812381,47.3686343,mm
Pfäffikon ZH,8.7848528,47.3669849,mig
Plaffeien,7.2910651,46.7397917,m
Plan-les-Ouates,6.1148529,46.1674266,mm
Plan-les-Ouates,6.11076,46.1648588,mgls
Pontaise,6.6284723,46.530315,dmp
Ponte Cremenaga,8.788448,45.9929238,pica
Porrentruy,7.0771359,47.4164582,mm
Porrentruy,7.0788305,47.4214043,shell
Porte de Versoix,6.1674765,46.2744374,mm
Pratteln,7.6940945,47.5204545,mm
Pratteln,7.7059835,47.5237214,mgls
Pratteln-Gehrenacker,7.704295,47.521259,dmp
Pregassona,8.9672005,46.0236673,m
Prilly,6.6077373,46.5332121,m
Prilly,6.6027559,46.5274181,soca
Prilly - Malley,6.6028429,46.526852,m
Prilly - ch. du Viaduc,6.6028735,46.527401,shell
Prilly - rte de Cossonay,6.6011857,46.537932,mgls
Préverenges,6.5166645,46.5188722,m
Puidoux,6.769391,46.4922982,dmp
Pully,6.6596672,46.5116743,mm
Rain,8.2496975,47.1269865,m
Ramsen,8.8206881,47.7067582,dmp
Rapperswil - Sonnenhof,8.8205077,47.2290317,mm
Rapperswil - Zentrum,8.818166,47.2258032,m
Rebstein,9.5813963,47.3971838,dmp
Regensdorf,8.4744151,47.4374921,mgls
Regensdorf,8.4735797,47.4380292,soca
Regensdorf - Zentrum,8.4691306,47.4313251,mmm
Reichenburg,8.9691015,47.1730561,m
Reiden,7.9715113,47.2484269,m
Reiden Outlet,7.9578136,47.247006,spez
Reinach,8.1847692,47.2591663,mgls
Reinach - Mischeli,7.5964432,47.5022541,mm
Reinach - Zentrum,7.5944243,47.4926693,m
Reinach AG,8.1816799,47.2578265,mm
Reinach BL,7.5983027,47.4894532,mgls
Reinach-Sternenhof,7.5963235,47.4887274,fm
Relais du St.Bernard,7.0605196,46.1264947,shell
Renens,6.5852658,46.5339363,mgls
Renens - Florissant,6.5977745,46.5309348,m
Renens - Métropole,6.580878,46.5385453,mm
Renens Quai Ouest,6.5772597,46.5377156,m
Renens Silo,6.5856489,46.5333413,m
Rheineck,9.5886584,47.4684353,m
Rheinfall,8.6233955,47.692882,soca
Rheinfelden,7.7982876,47.555335,mm
Riazzino,8.8895944,46.1752568,m
Richterswil,8.7053798,47.2063902,m
Riehen - Dorf,7.6519616,47.5852499,mm
Riehen - Grenzacherweg,7.6468453,47.5754561,dmp
Riehen - Niederholz,7.6332176,47.569669,dmp
Rolle,6.3383807,46.4611,mm
Rolle,6.3350193,46.4627709,mgls
Romanel-sur-Lausanne,6.6130138,46.5590513,mmm
Romanshorn,9.3781482,47.5651688,mig
Romanshorn - Hubzelg,9.3674826,47.5646479,mm
Romont,6.9126508,46.6926707,mm
Rorschach - Promenade,9.4950791,47.4740862,m
Rorschach - Trischliplatz,9.4889596,47.4778206,mm
Rothenburg M-Electronics,8.2450217,47.0946381,fm
Rothrist,7.8866601,47.3066918,m
Rothrist,7.8953841,47.3116536,mgls
Rotkreuz,8.4287677,47.1411731,m
Rotkreuz,8.4345645,47.1476159,shell
Ruopigen Zentrum Luzern,8.2740577,47.0622438,m
Ruswil,8.1127902,47.0884106,m
Réchy,7.4944589,46.2617504,dmp
Rümlang,8.5241895,47.4618798,shell
Rümlang Hofwisencenter,8.537906,47.4509866,m
Rüschlikon Parkside,8.5488346,47.3010372,m
Rüti ZH,8.8489703,47.2581252,mm
Rüti ZH Fachmarkt,8.85329,47.2530884,fm
SOCAR Frauenfeld,8.889193,47.56133,soca
SOCAR Kölliken Nord A1,8.0303425,47.3298799,soca
SOCAR Quartino,8.915083,46.15173,soca
Saas Fee,7.9281535,46.1085428,m
Saignelégier,6.9998167,47.254553,m
Sainte-Croix,6.5032791,46.819495,m
Samedan,9.873851,46.531044,mm
Samedan,9.8725017,46.5310064,mig
San Bernardino,9.1875987,46.4674155,soca
Sant' Antonino,8.9625176,46.1548802,mgls
Sargans,9.4450266,47.0456746,mig
Sarnen - Sarnen-Center,8.2494742,46.8967489,mm
Savièse,7.3519659,46.2502976,m
Saxon,7.1732993,46.148724,m
Schaan,9.5037209,47.1692926,m
Schaffhausen,8.6329323,47.6972995,mta
Schaffhausen - Breite,8.6200072,47.7064686,m
Schaffhausen - Buchthalen,8.6542202,47.6992534,m
Schaffhausen - Grubenstrasse,8.6453389,47.7029976,soca
Schaffhausen - Herblinger Markt,8.664005,47.7203,mmm
Schaffhausen - Vorstadt,8.6339358,47.6987731,mm
Schindellegi,8.7133184,47.1756607,m
Schlieren,8.4474972,47.3986921,mig
Schlieren,8.4403664,47.3963885,soca
Schlieren - Kesslerplatz,8.4371696,47.3961553,m
Schlieren - Rietbach,8.434955,47.40073,mm
Schlieren - Zentrum,8.4468471,47.3986438,m
Schmerikon - Bahnhofstrasse,8.9432488,47.2252089,mig
Schmerikon - St.Gallerstrasse,8.9619698,47.2301268,mgls
Schwarzenburg,7.339902,46.8177012,m
Schwerzenbach,8.6587636,47.3843854,mig
Schöftland,8.0474765,47.3027032,m
Schönbühl - Moosbühl,7.4905873,47.0158434,fm
Schönbühl - Shoppyland,7.4923677,47.0169335,mmm
Schönenwerd,8.0031216,47.3735275,m
Schüpfheim,8.0165859,46.9482657,m
Sembrancher,7.1446967,46.0791549,m
Sementina,8.9920373,46.1822199,m
Sempach Station,8.1993284,47.1169163,m
Seon,8.1612469,47.3477982,m
Seuzach,8.7303174,47.5355288,m
Shell Illnau-Effretikon,8.726769,47.407036,shell
Siebnen,8.9076441,47.1761348,mgls
Sierre,7.5291519,46.292358,mm
Sierre Rossfeld,7.5133829,46.2814938,fm
Sihlbrugg AMAG,8.5765731,47.2173651,mgls
Sins,8.3973587,47.1852946,mgls
Sion,7.3452206,46.2290537,mgls
Sion - Le Ritz,7.3595336,46.2358562,m
Sion - Métropole,7.356213,46.2286124,mmm
Sion - Tourbillon Center,7.3843456,46.2314201,m
Sion Outlet,7.3785208,46.2281227,spez
Sirnach,8.9916638,47.4634678,m
Sissach,7.816352,47.462086,mm
Socar Pizzamiglio,9.0371612,45.8428056,soca
Solothurn,7.533167,47.2068855,m
Solothurn,7.5238037,47.2114448,shell
Solothurn Baselstrasse,7.5446377,47.2112133,m
Solothurn Öufi,7.5261313,47.2113187,m
Spiez - Terminus,7.6817159,46.6857824,mm
Spreitenbach,8.3676836,47.4218343,mm
Spreitenbach - Tivoli,8.3700585,47.4233238,mmm
Spreitenbach Do It + Garden,8.3708882,47.4245244,spez
St-Gingolph,6.830586,46.38515,shell
St-Imier,6.9952813,47.1515265,m
St-Maurice,7.0052498,46.2147953,m
St. Gallen - Bruggen,9.3354232,47.4100595,m
St. Gallen - Lachen,9.3536906,47.4204665,m
St. Gallen - Langgasse,9.3862519,47.4352582,m
St. Gallen - Neudorf,9.4050204,47.4372078,m
St. Gallen - Neumarkt,9.3705537,47.4221431,mmm
St. Gallen - Rorschacherstr.,9.4020661,47.4351257,mgls
St. Gallen - Silberturm,9.3950643,47.4311418,m
St. Gallen - Spisermarkt,9.3782359,47.4252078,m
St. Gallen - St. Fiden,9.391591,47.4358241,mm
St. Gallen - Union,9.3745396,47.4256387,mig
St. Gallen - Zürcherstr. 205,9.3360605,47.4117293,shell
St. Gallen - Zürcherstrasse 114,9.3452081,47.4162391,mgls
St. Gallen Bahnhof,9.3695057,47.4230367,mr
St. Gallen OBI / Micasa,9.3123033,47.4149328,fm
St. Katharina Nord,8.3744025,47.1194294,soca
St. Katharina Süd,8.3749711,47.1187123,soca
St. Margrethen - Grenzstrasse,9.6382129,47.4551321,mgls
St. Margrethen - Rheinpark,9.6513499,47.4501472,mmm
St. Moritz,9.845483,46.497821,mig
St. Niklaus,7.8064848,46.1810239,dmp
St.Gallen Outdoor,9.3733977,47.4230672,spez
Staad,9.5318113,47.4804973,shell
Stabio,8.9364332,45.8485669,m
Stabio Gaggiolo,8.9223671,45.8441314,pica
Stabio-Gaggiolo 1,8.919321,45.8424959,pica
Stabio-Paese,8.9270699,45.8448496,pica
Stalden,7.8708057,46.2326654,dmp
Stalden,7.8768003,46.2470999,mgls
Stans,8.3529125,46.9663706,mgls
Stans - Länderpark,8.3556565,46.9646845,mmm
Steckborn,8.9758158,47.6639509,m
Steffisburg,7.6335904,46.7810832,m
Steffisburg,7.6245157,46.76586,mgls
Steg,7.7453717,46.3147018,m
Steg,7.750871,46.3062985,mgls
Stein,7.9544805,47.5492231,m
Stein,7.9535086,47.5476265,shell
Stein am Rhein,8.8526236,47.6514436,m
Steinhausen - Zugerland,8.4777745,47.1920625,mmm
Steinhausen Dorf,8.4846747,47.1970572,m
Stäfa,8.7234301,47.2406714,mm
Stäfa,8.7148207,47.2407708,soca
Sugiez,7.1238781,46.9665241,mgls
Suhr,8.0821995,47.3717739,mig
Suhr Outlet,8.0811156,47.3697291,spez
Suhr Suhrepark,8.0816706,47.3732376,m
Sulgen,9.1884781,47.5324881,mig
Sulgen - Passerelle,9.1829867,47.5401419,m
Sursee,8.1000927,47.1736868,mgls
Surseepark,8.1021962,47.1728531,mmm
Surseepark Fachmarkt,8.1011326,47.1724395,fm
Susten,7.6407791,46.3114821,dmp
Taesch,7.77679,46.0709528,dmp
Tavannes,7.1978861,47.21932,m
Tavannes,7.2035769,47.223466,shell
Taverne,8.9315827,46.060572,m
Taverne,8.9304134,46.0593998,fm
Tenero,8.8517014,46.1795605,m
Tesserete,8.9669567,46.0675557,m
Teufen,9.3908514,47.3907355,m
Thal,9.5771551,47.4795373,m
Thalwil,8.5640824,47.2941879,mm
Thayngen,8.7067801,47.7488083,m
Thayngen,8.7147398,47.7404286,mgls
Therwil,7.5536596,47.499527,dmp
Therwil,7.5643512,47.4966992,shell
Thierrens,6.7550064,46.7044032,dmp
Thoiry (F),5.9941326,46.2286354,mmm
Thun,7.6275516,46.7542958,shell
Thun - Bälliz,7.6266358,46.7601164,mm
Thun - Dürrenast,7.6261582,46.7450418,m
Thun - Oberland,7.614778,46.7447598,mmm
Thun - Panorama Center,7.6053619,46.7441475,fm
Thun - Weststrasse,7.6076245,46.7449484,mgls
Thusis - im Park,9.4398532,46.6944915,mm
Thônex,6.1996185,46.1930274,mm
Thônex,6.2128684,46.1986526,shell
Tramelan,7.0997558,47.2234176,m
Triesen,9.525209,47.108894,m
Trübbach,9.4862183,47.0750277,mgls
Turbenthal,8.8445994,47.4385237,m
Tägerwilen,9.1419927,47.6538552,m
Uetendorf,7.5741096,46.7739279,m
Uitikon-Waldegg,8.4616665,47.3687168,m
Unterentfelden,8.0456204,47.3619645,mm
Unterwetzikon,8.795556,47.3135,m
Unterägeri,8.579203,47.1380428,m
Urdorf - Spitzacker,8.4223769,47.3848945,m
Uster,8.7226744,47.3521726,shell
Uster - Illuster,8.7152446,47.349891,mmm
Uster-West,8.7136066,47.3542567,fm
Utzenstorf - Linde,7.5585845,47.1284908,m
Uznach - Frohsinn,8.9806843,47.2264591,mm
Uzwil - Birkenhof,9.133884,47.436874,mm
VOI Aarburg,7.9071351,47.320554,voi
VOI Aarwangen,7.7718237,47.2362174,voi
VOI Alpnach,8.2709654,46.9398339,voi
VOI Baden - Mellingerstrasse,8.2932847,47.4673446,voi
VOI Bern - Fellergut,7.3902179,46.9453512,voi
VOI Bern - Fischermätteli,7.4185558,46.9413645,voi
VOI Bern - Kramgasse,7.4497459,46.9481109,voi
VOI Bern - Schosshalde,7.4629318,46.9453775,voi
VOI Bern - Spiegel,7.433499,46.9264088,voi
VOI Bern - Viktoriastrasse,7.4545541,46.9536364,voi
VOI Beromünster,8.1917754,47.209729,voi
VOI Bettlach,7.426077,47.1993568,voi
VOI Biel - Jardin du Paradis,7.2632867,47.1454026,voi
VOI Biel - Mett,7.2721353,47.1426268,voi
VOI Boll,7.5479454,46.9546925,voi
VOI Brügg,7.2804096,47.1239464,voi
VOI Buchs ZH,8.4396784,47.4563902,voi
VOI Büron,8.0944046,47.2136699,voi
VOI Dulliken,7.9345418,47.354143,voi
VOI Genève-Cirque,6.1397642,46.2010565,voi
VOI Geroldswil,8.4117228,47.4215795,voi
VOI Gland,6.2617789,46.4232158,voi
VOI Grindelwald,8.0391045,46.6236074,voi
VOI Horgen,8.6119618,47.2548701,voi
VOI Ins,7.1070561,47.0042581,voi
VOI Jegenstorf,7.5103611,47.051416,voi
VOI Kappel,7.8468992,47.3236429,voi
VOI Kilchberg,8.5480624,47.3245116,voi
VOI Lengnau,7.3631011,47.1808069,voi
VOI Meyrin - Les Vergers,6.0668592,46.2309568,voi
VOI Niederbipp,7.6926322,47.2698326,voi
VOI Niedergösgen,7.9936894,47.3717743,voi
VOI Niederlenz,8.1777989,47.3990619,voi
VOI Niederrohrdorf,8.30086,47.4250876,voi
VOI Roggwil,7.8218895,47.2393252,voi
VOI Rombach,8.0448105,47.401845,voi
VOI Rümlang,8.5315694,47.4497963,voi
VOI Safenwil,7.9851441,47.321305,voi
VOI Schwerzenbach,8.6589504,47.3851497,voi
VOI Seengen,8.2036078,47.3249241,voi
VOI Sempach Stadt,8.1920443,47.1362307,voi
VOI Siebnen,8.9004331,47.1753754,voi
VOI Stans,8.366329,46.9565347,voi
VOI Steffisburg,7.6161447,46.773617,voi
VOI Strengelbach,7.9286,47.2784744,voi
VOI Studen,7.3011494,47.1142052,voi
VOI Sumiswald,7.7463868,47.0288821,voi
VOI Trimbach,7.8988859,47.3623369,voi
VOI Unterkulm,8.1136799,47.310751,voi
VOI Wabern,7.4523149,46.9286391,voi
VOI Wallisellen,8.597648,47.41978,voi
VOI Wangen a. Aare,7.6554199,47.23393,voi
VOI Wichtrach,7.5753497,46.850993,voi
VOI Wilderswil,7.8690846,46.6660645,voi
VOI Zürich - Grünau,8.4863988,47.3963402,voi
VOI Zürich - Hönggerstrasse,8.5184213,47.3952404,voi
VOI Zürich - In der Ey,8.4928295,47.3705108,voi
VOI Zürich - Leimbach,8.5153194,47.3297396,voi
VOI Zürich - Paradies,8.5294762,47.3347241,voi
VOI Zürich - Witikon,8.5939597,47.3599907,voi
Vacallo-Pizzamigli,9.0372212,45.8432895,pica
Vallorbe,6.3777456,46.7117213,m
Verbano,8.8172485,46.1749888,shell
Verbier,7.2232795,46.0966164,m
Vernier,6.077728,46.2213008,mgls
Vernier - Arcenter,6.0833327,46.2167048,m
Vernier Outlet,6.0869554,46.2170639,spez
Versoix,6.1658024,46.2797694,mig
Vevey - Midi Coindet,6.8401817,46.4636235,mm
Vevey Des 2 Gares,6.8421961,46.464429,m
Vezia,8.9366277,46.0212226,pica
Villars-Ste-Croix,6.5589149,46.5663916,mgls
Villars-s/Glâne - Cormanon,7.1335773,46.7937778,m
Villars-sur-Glâne,7.1228992,46.7988222,mgls
Villars-sur-Ollon,7.0547167,46.2988399,dmp
Vionnaz,6.8985242,46.3135922,dmp
Visp,7.8798626,46.2929559,mm
Volketswil,8.6805761,47.3884116,mm
Volketswil,8.6740561,47.3807417,mgls
Volketswil Fachmärkte,8.6752451,47.3800454,fm
Vétroz,7.259816,46.2154523,dmp
Wabern - Chly Wabere,7.4597626,46.922607,mm
Wald,8.9118624,47.2737533,shell
Wald ZH,8.9147079,47.2748553,m
Walenstadt,9.3135977,47.1219487,m
Walke,9.2977832,47.392741,m
Wallisellen,8.5916082,47.4134998,m
Wallisellen - Glattzentrum,8.5960556,47.4084534,mmm
Wallisellen - Husacherstr.,8.6019195,47.4081074,mgls
Wattwil,9.0881625,47.2984452,mm
Weggis,8.4262019,47.0337353,dmp
Weinbergli Luzern,8.3160305,47.042706,m
Weinfelden,9.1047495,47.562973,mgls
Weinfelden - Rösslifelsen,9.1110836,47.5674427,mm
Weinfelden Weststrasse,9.094288,47.56718,m
Wettingen,8.3148527,47.4607588,mig
Wettingen - Landstrasse,8.324826,47.467274,mm
Wetzikon - Züri-Oberland-Märt,8.7996977,47.3276616,mmm
Wetzikon-Kempten,8.8055078,47.3328932,mig
Widnau - Rhydorf-Center,9.6288579,47.4077549,mm
Wil - Toggenburgerstr.,9.0490099,47.4555682,mgls
Wil - Zürcherstrasse,9.040829,47.4644708,soca
Wil Larag,9.0467972,47.4560847,fm
Wil SG,9.0423748,47.4628222,mm
Wildegg,8.1663545,47.4164275,m
Wilderswil,7.8698481,46.6683954,mgls
Willisau - Chrüzhof,7.9941804,47.122768,m
Windisch,8.212573,47.474655,m
Windisch,8.2125241,47.4823667,mgls
Winterthur,8.68038,47.5157999,mgls
Winterthur - Blumenau,8.711992,47.5068665,m
Winterthur - Deutweg,8.7402503,47.4947417,m
Winterthur - Grüzepark I,8.7618234,47.4976366,fm
Winterthur - Grüzepark II,8.7616791,47.4982409,fm
Winterthur - Hegi,8.7721562,47.5042465,m
Winterthur - Neuwiesen,8.720857,47.499126,mmm
Winterthur - Obertor,8.7317613,47.5003636,m
Winterthur - Oberwinterthur,8.7587494,47.5112274,mm
Winterthur - Rosenberg,8.7198648,47.5183138,mm
Winterthur - Rosenberg,8.7199374,47.5187243,shell
Winterthur - Seen,8.7623465,47.485586,mm
Winterthur - Töss,8.7064972,47.491878,m
Winterthur - Wülflingen,8.6937262,47.5108438,m
Winterthur - Zürcherstrasse 48,8.7126522,47.4956333,mgls
Winterthur Bahnhof,8.7247052,47.501194,mig
Winterthur In der Au,8.7049215,47.4847801,mgls
Winterthur-Marktgasse,8.7301673,47.4996785,mig
Winterthur-Seen,8.7550989,47.4871078,soca
Wittenbach,9.389376,47.460354,mm
Wittenbach,9.3998277,47.4542732,mgls
Wohlen,8.2724163,47.3493209,mm
Wolhusen - Dorfmärt,8.0705934,47.0560514,mm
Wollerau Märt Roospark,8.7214742,47.1920378,m
Worb,7.5649883,46.9266974,mm
Wädenswil,8.6675403,47.2290738,mmm
Wädenswil - Seestrasse,8.6604111,47.2378305,soca
Wädenswil A3,8.661054,47.2208937,shell
Wädenswil Zürisee Center,8.6366175,47.2352197,fm
Würenlos,8.3478307,47.4387272,shell
Würenlos,8.3470673,47.4382745,shell
Yverdon,6.6494873,46.7647855,shell
Yverdon - Métropole,6.6357622,46.7812351,mmm
Yverdon Sud,6.6501591,46.7665642,m
Yvonand,6.743063,46.7996515,dmp
Zell,7.9282486,47.1371898,m
Zermatt,7.7481512,46.0217113,mm
Zofingen,7.9421429,47.2914999,mm
Zollikofen,7.4570099,46.9933993,m
Zollikofen,7.4629968,47.0042506,soca
Zollikon - Dorf,8.5760777,47.3377789,m
Zollweiden,7.6178528,47.5224322,dmp
Zuchwil,7.5600061,47.2033261,m
Zuchwil,7.5507454,47.2054043,shell
Zug,8.4840329,47.1825071,mgls
Zug - Grabenstrasse,8.5151671,47.1652634,m
Zug - Metalli,8.5170158,47.1732476,mm
Zug Herti,8.505821,47.1780404,m
Zumikon,8.6193207,47.3364667,mm
Zuzwil,9.1124966,47.47228,m
Zuzwil,9.1074379,47.4688349,mgls
Zweisimmen,7.3728404,46.5553701,m
Zwingen,7.5379942,47.4391541,mgls
Zürich - Affoltern,8.5082588,47.4202196,mm
Zürich - Affoltern,8.5075744,47.4211165,mig
Zürich - Airport,8.5626585,47.4502749,mm
Zürich - Albisriederplatz,8.5086822,47.3792702,m
Zürich - Albisriederstrasse,8.493271,47.3780898,voi
Zürich - Altstetten M-Express,8.4874695,47.3915091,m
Zürich - Altstetten Neumarkt,8.4875256,47.3882886,mmm
Zürich - Bahnhof Enge,8.5310653,47.3638859,m
Zürich - Birmensdorferstr.,8.4942763,47.3673493,mgls
Zürich - Blumen Bellaria,8.5285264,47.3471878,spez
Zürich - Brunaupark,8.5180694,47.3582422,mm
Zürich - Burgwies,8.5715375,47.3576581,m
Zürich - City,8.5365345,47.3754488,mmm
Zürich - Farbhof,8.4787702,47.390296,mig
Zürich - Flurstr.,8.492102,47.3812756,mgls
Zürich - Furttal,8.5026175,47.4211082,shell
Zürich - HB Sihlquai,8.5357604,47.3785227,m
Zürich - Hardau,8.5100871,47.3813081,shell
Zürich - Hauptbahnhof,8.5394,47.37744,m
Zürich - Hauptbahnhof,8.5409704,47.3780852,mig
Zürich - Herdern,8.5073829,47.3898548,spez
Zürich - Hohlstrasse,8.4911591,47.3905311,soca
Zürich - Hornegg,8.5584899,47.3522083,shell
Zürich - Höngg,8.4973707,47.403841,m
Zürich - Höschgasse,8.554269,47.35856,m
Zürich - Kreuzplatz,8.5537771,47.3645091,mm
Zürich - Lagerstrasse,8.5294249,47.3794486,mig
Zürich - Leimbach Sihlbogen,8.5189546,47.3362301,m
Zürich - Limmatplatz,8.5310561,47.385379,mmm
Zürich - Manegg,8.5193259,47.3405316,soca
Zürich - Oerlikon Neumarkt,8.5429281,47.410484,mm
Zürich - Puls 5 M-Express,8.5185536,47.3913363,m
Zürich - Pünt,8.4858095,47.3751082,m
Zürich - Rautistrasse,8.4942078,47.3803768,shell
Zürich - Rigiplatz,8.5487676,47.3862231,m
Zürich - Schaffhauserplatz,8.5384895,47.392636,m
Zürich - Schmiede Wiedikon,8.5204177,47.3702468,m
Zürich - Schwamendingen,8.5725326,47.4038478,m
Zürich - Seebach,8.54861,47.4193716,mm
Zürich - ShopVilleMärt,8.54007,47.3772377,m
Zürich - Sihlcity,8.5225083,47.3581442,spez
Zürich - Sihlquai,8.5319665,47.3858886,mgls
Zürich - Stadelhofen,8.5478721,47.3654727,m
Zürich - Stockerstrasse M-Express,8.5340278,47.3682475,m
Zürich - Thurgauerstrasse,8.5563319,47.419783,mgls
Zürich - Toblerplatz,8.5593819,47.3795452,m
Zürich - Triemli,8.4966028,47.3684974,soca
Zürich - Waffenplatz,8.5264079,47.3594773,mig
Zürich - Wengihof,8.5230687,47.3749444,m
Zürich - Wiedikon M-Märt,8.5085226,47.3699977,mm
Zürich - Wipkingen,8.5291765,47.3938846,m
Zürich - Witikon-Zentrum,8.5855777,47.3589998,mm
Zürich - Wollishofen,8.5301409,47.3445909,mm
Zürich-Langstrasse Take Away,8.5279288,47.3798263,mta
fresh Zürich - Löwenstrasse,8.5348286,47.373207,mta
migrolino Bottmingen,7.570944,47.524208,mig
migrolino Reichenbach,7.690035,46.6251025,mig
migrolino Zürich Niederdorf,8.544119,47.376217,mig